index,PT3,TT3,TT4,specific_humidity_gsp,FAR,fuel_flow_gsp,thrust_gsp,W3
0,36.9611235538164,868.90095696674,1619.59136096949,0.827563755017,0.0224143350218778,0.676432307542591,74.3194122721351,30.1785579131547
1,30.2172323945624,834.141316604653,1535.11810901692,0.781898290797,0.0205779372251699,0.523348427517921,51.8585059142922,25.4325018971186
2,31.233191160858,857.872186279276,1584.94973799825,0.535094779677,0.02150213678381,0.555646203369664,54.4665261180887,25.8414411998363
3,28.8974809473109,848.927569983738,1567.14917949155,0.292109533389,0.0211094165919142,0.508332379345774,49.2008911528141,24.0808350686721
4,28.3004005224093,846.6231809672,1561.12427282216,0.201216699536,0.0209555313286118,0.495351092769677,46.2068930509086,23.6382024870611
5,30.0153334348412,865.922629291565,1606.71310342906,0.125135684494,0.0219025483662746,0.540361326757532,48.5590850083759,24.6711623561382
