index,PT3,TT3,TT4,specific_humidity_gsp,FAR,fuel_flow_gsp,thrust_gsp,W3
2,20.6311584994985,719.542037044484,1374.11672229206,0.338923799009,0.0188601657521765,0.756975498598711,61.2877284339593,40.136206041103
3,26.3659850055952,773.393098090486,1501.73813413879,0.31831322758,0.0215260721622764,1.05129249294112,79.2747135598009,48.8381013041233
4,20.449268486409,735.324713882325,1413.89615565202,0.272118451703,0.0196947252475927,0.771546199079859,53.9704585899506,39.1752710119257
