engine,saf_level,nox_impact_sum,co2_impact_cons_sum,co2_impact_opti_sum,h2o_impact_sum,contrail_atr20_cocip_sum,climate_non_co2_cocip,climate_total_cons_cocip,climate_total_opti_cocip,contrail_atr20_cocip_sum_net,contrail_atr20_cocip_sum_warming,contrail_atr20_cocip_sum_cooling
GTF2000,0,0.0026607266204775825,0.0,0.0,0.0,-73.74903011189386,-38.04656491186192,-37.31967001301012,-37.31967001301012,-73.74903011189386,-74.7135778325407,-82.56755151064141
GTF,0,-15.230497886172714,-15.450894706498486,-15.450894706498486,-15.376055352846372,-78.34664885905816,-47.79397303354085,-47.17604553591907,-47.17604553591907,-78.34664885905816,-77.75834763368735,-72.96801716070867
GTF2035,0,-6.67962123289078,-21.668132577517998,-21.668132577517998,-21.745546181896415,-79.4534713818049,-44.353634464112886,-43.920218842033485,-43.920218842033485,-79.4534713818049,-78.50125893341276,-70.74772704945744
GTF2035,20,-7.143666086186445,-23.58466131345111,-36.70975988625275,-20.433866045961366,-80.62591131486103,-45.16790878378462,-44.75555217489795,-45.006312453036024,-80.62591131486103,-79.76418753251028,-72.74747310822283
GTF2035,100,-8.954159184048294,-31.21418130815111,-95.41427875387674,-15.437956886639833,-84.23809489716875,-47.849502296799564,-47.531677810004936,-48.758246448913475,-84.23809489716875,-83.39005369172222,-76.48475169064012
GTF2035_wi,0,-93.53063128234189,-28.307325824970142,-28.307325824970142,-28.369747881623645,-82.78559378861596,-87.42798745081136,-86.29846347270396,-86.29846347270396,-82.78559378861596,-81.79105340804055,-73.69286002305255
GTF2035_wi,20,-93.56290763054002,-30.060907055013608,-42.07364565924448,-27.168617008322354,-84.21878376998244,-88.17242409561513,-87.06218022999391,-87.29168842430487,-84.21878376998244,-83.22225163927949,-75.10784013180738
GTF2035_wi,100,-93.68883396356985,-37.0418864264013,-95.80279242842676,-22.593053186461372,-87.25220297240709,-89.758008113432,-88.750845442365,-89.87349614483269,-87.25220297240709,-86.57593052323904,-81.06928123954285
