engine,saf_level,nox_impact_sum,co2_impact_cons_sum,co2_impact_opti_sum,h2o_impact_sum,contrail_atr20_cocip_sum,climate_non_co2_cocip,climate_total_cons_cocip,climate_total_opti_cocip,contrail_atr20_cocip_sum_net,contrail_atr20_cocip_sum_warming,contrail_atr20_cocip_sum_cooling
GTF1990,0,45.27687597811975,1.8546056214871582,1.8546056214871582,0.8171080000266874,49.12372893674892,95.21771291489534,97.07231853638251,97.07231853638251,49.12372893674892,55.15662167583841,-6.0328927390894975
GTF2000,0,45.27808067201182,1.8546056214871582,1.8546056214871582,0.8171080000266874,12.895455291100843,58.990643963139355,60.84524958462651,60.84524958462651,12.895455291100843,13.947136210260872,-1.0516809191600316
GTF,0,38.38098233934718,1.5680524596903755,1.5680524596903755,0.691469021650048,10.6369335201987,49.709384881195916,51.27743734088629,51.27743734088629,10.6369335201987,12.267744050142223,-1.6308105299435256
GTF2035,0,42.252552156695636,1.4527472166332192,1.4527472166332192,0.6394234025249139,10.093221024313706,52.985196583534254,54.43794380016748,54.43794380016748,10.093221024313706,11.85797927516563,-1.7647582508519235
GTF2035,20,42.04244714398611,1.417203166959187,1.173784351002277,0.6501412458504001,9.517274809653008,52.20986319948951,53.6270663664487,53.383647550491794,9.517274809653008,11.161390525725444,-1.6441157160724373
GTF2035,100,41.22271242947478,1.2757056602449939,0.08504704401633295,0.6909632192652824,7.742835537982421,49.65651118672248,50.93221684696748,49.74155823073881,7.742835537982421,9.16148524581666,-1.4186497078342382
GTF2035_wi,0,2.9291280508613413,1.3296163654445758,1.3296163654445758,0.5852965204985389,8.456358245351167,11.970782816711047,13.300399182155623,13.300399182155623,8.456358245351167,10.04343978288254,-1.587081537531374
GTF2035_wi,20,2.9145143287174022,1.2970943493748461,1.0743054239262224,0.5951110569550742,7.752321883756054,11.261947269428532,12.559041618803377,12.336252693354753,7.752321883756054,9.254039189046797,-1.501717305290742
GTF2035_wi,100,2.857498819087692,1.1676247135182312,0.07784164756788209,0.6324983549898271,6.262193257241673,9.75219043131919,10.919815144837424,9.830032078887074,6.262193257241673,7.404263214798744,-1.1420699575570732
