,climb,cruise,descent,Total
Poll-Schumann (2021) (Pycontrails),4.242405254410567,5.243882011389044,-10.560775302772248,3.1962669106734745
GSP (This Work),0.0,0.0,0.0,0.0
