engine_display,NOx,Contrail,Non-CO2,CO2 Conservative,CO2 Optimistic,Total Climate Impact Conservative,Total Climate Impact Optimistic
CFM1990,0.0,0.0,0.0,0.0,0.0,0.0,0.0
CFM2000,0.269892771080558,-64.58330119611766,-25.19447755246913,0.0,0.0,-24.54049950973546,-24.54049950973546
GTF,-20.590766711595148,-37.58361907228889,-38.215028356003636,-15.920894544083078,-15.920894544083078,-37.59767461975231,-37.59767461975231
GTF2035,-13.713530940670166,-38.61100099644455,-34.41586886692795,-22.402050827957787,-22.402050827957787,-34.4182808737173,-34.4182808737173
GTF2035 - 20,-14.159242799312935,-41.72878079169383,-35.44093509051846,-24.33603793727105,-37.306084170565285,-35.498836917992165,-36.19777248943593
GTF2035 - 100,-15.83050362509103,-50.29668186935017,-38.739200173900215,-31.858983303245736,-95.45673402301931,-39.03700595053858,-42.46439978247398
GTF2035WI,-93.85686560824938,-44.51539263416037,-84.47278795639723,-29.233127758995536,-29.233127758995536,-81.04213858342817,-81.04213858342817
GTF2035WI - 20,-93.90448596972995,-47.088333356088974,-85.25739867834235,-31.007793690936502,-42.834123154696414,-81.91240885353135,-82.63644434012518
GTF2035WI - 100,-94.02263470527781,-47.82753797568825,-87.20559730098037,-37.86606807317391,-95.85722926698953,-84.19349113567391,-87.7626114429795
