engine_display,NOx,Contrail (CoCiP),Non-CO₂ (Contrail CoCiP),CO2 Conservative,CO2 Optimistic,Total (Contrail CoCiP) Conservative,Total (Contrail CoCiP) Optimistic
CFM1990,0.0,0.0,0.0,0.0,0.0,0.0,0.0
CFM2008,0.269892771080558,-56.75271120813905,-17.46259808376374,0.0,0.0,-17.29852333299063,-17.29852333299063
GTF,-20.590766711595148,-28.07662022514627,-32.936672157352675,-15.920894544083064,-15.920894544083064,-32.74516777496338,-32.74516777496338
GTF2035,-13.713530940670168,-30.121567238757617,-28.18406062405472,-22.40205082795778,-22.40205082795778,-28.257976519714507,-28.257976519714507
GTF2035 - 20,-14.159242799312935,-33.20514628084975,-28.985088412363464,-24.30576263909075,-37.3060841705653,-29.087272065301946,-29.370296152679437
GTF2035 - 100,-15.83050362509103,-42.09844461804414,-31.747422994909684,-31.858983303245736,-95.45673402301931,-31.96005098498077,-33.338596391555285
GTF2035WI,-93.85686560824938,-36.82310009980527,-87.8273879793117,-29.233127758995526,-29.233127758995526,-86.36122373405234,-86.36122373405234
GTF2035WI - 20,-93.90448596972995,-40.33142866983192,-88.37285274770726,-30.980188138631505,-42.83412315469643,-86.94365848208717,-87.23429031861578
GTF2035WI - 100,-94.02263470527781,-39.700427282931635,-89.61008979855205,-37.86606807317391,-95.85722926698953,-88.33969122998188,-89.75600817998688
