engine_display,NOx,Non-CO₂ (Contrail CoCiP),CO2 Conservative,CO2 Optimistic,Total (Contrail CoCiP) Conservative,Total (Contrail CoCiP) Optimistic
CFM1990,0.0,0.0,0.0,0.0,0.0,0.0
CFM2008,0.27756571188510737,0.2728625217379219,0.0,0.0,0.2644912267968514,0.2644912267968514
GTF,-21.46422970396267,-21.36863148276991,-17.288308969562074,-17.288308969562074,-21.241223547950955,-21.241223547950955
GTF2035,-16.447576635997343,-16.580997735930197,-24.398097990844054,-24.398097990844054,-16.847073032885895,-16.847073032885895
GTF2035 - 20,-16.866041558268147,-16.96752538529044,-26.248405197242587,-38.91430982054332,-17.281757225601332,-17.69845628824656
GTF2035 - 100,-18.496308329316786,-18.475441686655735,-33.61291877669039,-95.57324862027369,-18.982335265194383,-21.021051123750727
GTF2035WI,-93.7772040467625,-92.58690246128104,-30.98518278605407,-30.98518278605407,-90.55351441766366,-90.55351441766366
GTF2035WI - 20,-93.80846677243213,-92.59572041186868,-32.673539216555604,-44.236405530915924,-90.61780115382894,-90.99936426100018
GTF2035WI - 100,-93.92989455476102,-92.6315541096532,-39.38943099652995,-95.95867440637853,-90.87425333725832,-92.74151707846706
