engine_display,NOx,Contrail (aCCF),Non-CO₂ (Contrail aCCF),CO2 Conservative,CO2 Optimistic,Total (Contrail aCCF) Conservative,Total (Contrail aCCF) Optimistic
CFM1990,0.0,0.0,0.0,0.0,0.0,0.0,0.0
CFM2008,0.456080957799753,0.0,0.35493586977809594,0.0,0.0,0.34629155039764803,0.34629155039764803
GTF,-22.471980675943357,34.62390606554675,-15.309519843723637,-16.040540021357852,-16.040540021357852,-15.20767059483083,-15.20767059483083
GTF2035,-16.472181884644126,36.94861059801412,-10.03149728067,-22.795020910183496,-22.795020910183496,-10.189327749199512,-10.189327749199512
GTF2035 - 20,-16.91479814042026,38.813574333886294,-9.471602960541352,-24.692532760581486,-37.626555536971125,-9.6695085323163,-9.92619124918264
GTF2035 - 100,-18.49221512321012,64.43695558069548,-8.729140860808664,-32.1803989338528,-95.47822969705065,-9.068430643167414,-10.342632225393256
GTF2035WI,-93.41949480294906,40.47856366076603,-57.55062506340924,-29.178479756809466,-29.178479756809466,-57.37246576810002,-57.37246576810002
GTF2035WI - 20,-93.84535957455317,63.771739362231514,-56.91402940614408,-31.09160585109475,-42.9265787513832,-56.774754582387445,-56.92254185121286
GTF2035WI - 100,-93.99731382773555,71.09722396687323,-53.97998176837567,-38.17169934616767,-95.877591246769,-53.980939198641984,-54.70441075712379
