engine_display,NOx,Contrail (aCCF),Non-CO₂ (Contrail aCCF),CO2 Conservative,CO2 Optimistic,Total (Contrail aCCF) Conservative,Total (Contrail aCCF) Optimistic
CFM1990,0.0,0.0,0.0,0.0,0.0,0.0,0.0
CFM2008,0.44520275908086526,0.0,0.32056937855582956,0.0,0.0,0.31264749723667623,0.31264749723667623
GTF,-20.055143273493904,8.185797385283925,-14.618049347381469,-16.448124250778797,-16.448124250778797,-14.580068999998378,-14.580068999998378
GTF2035,-13.138249880716154,11.070681048758175,-8.891735976787269,-23.038514574355485,-23.038514574355485,-9.195466943095274,-9.195466943095274
GTF2035 - 20,-13.545283801360043,6.575469284141537,-9.19751779483908,-24.905534354206814,-37.80164560285233,-9.538802840073082,-9.874649927009234
GTF2035 - 100,-15.229848248264874,22.287905235771813,-9.134286542538465,-32.398426329045556,-95.4920057277771,-9.63997389410158,-11.302289458300256
GTF2035WI,-93.73608324714027,10.168975616465758,-70.24527376524672,-29.756658688322908,-29.756658688322908,-70.21041534702643,-70.21041534702643
GTF2035WI - 20,-93.59997785277302,19.156121412243905,-69.18075498692734,-31.398213926502923,-43.17939691797396,-69.19526579178013,-69.2914889163676
GTF2035WI - 100,-93.88693914521212,27.031410313480503,-66.74106980686717,-38.30259353791649,-95.88585293349875,-66.84664952020033,-67.36502303517379
