engine_display,NOx,Contrail (aCCF),Non-CO₂ (Contrail aCCF),CO₂,CO₂,Total (Contrail aCCF) Conservative,Total (Contrail aCCF) Optimistic
CFM1990,0.0,0.0,0.0,0.0,0.0,0.0,0.0
CFM2008,0.01452874915911619,-63.81922430093171,-8.779960434614175,0.0,0.0,-9.806510693144427,-9.806510693144427
GTF,-11.757380975562459,-60.12170491171216,-17.186682450662534,-15.948177552504195,-15.948177552504195,-18.44066834149744,-18.44066834149744
GTF2035,-4.28750181867668,-59.521989854435574,-11.839201465426974,-22.38252081623395,-22.38252081623395,-13.546229589432118,-13.546229589432118
GTF2035 - 20,-4.765119172664212,-61.401614895572706,-12.492844707397781,-24.281590701947174,-37.285790747890246,-14.245643510633146,-14.727975913061405
GTF2035 - 100,-6.628739536309286,-60.083080009815106,-14.360311573006236,-31.84168367402996,-95.4554237599914,-16.31894798062046,-18.69387532024181
GTF2035WI,-93.31919945607437,-61.466536843827534,-81.0597420562743,-28.92212187128046,-28.92212187128046,-81.7467802104967,-81.7467802104967
GTF2035WI - 20,-93.3526479229393,-60.59125435291806,-81.15922394688289,-30.66064954314968,-42.569439933586125,-81.89908801185632,-82.09134796836507
GTF2035WI - 100,-93.48313674689621,-58.79213849122012,-81.0943037043405,-37.58172431668436,-95.8382585907162,-82.13215852212441,-82.65543740586793
