engine_display,NOx,Contrail (aCCF),Non-CO₂ (Contrail aCCF),CO₂,CO₂,Total (Contrail aCCF) Conservative,Total (Contrail aCCF) Optimistic
CFM1990,0.0,0.0,0.0,0.0,0.0,0.0,0.0
CFM2008,0.002482341093275924,0.0,0.0015915777367254181,0.0,0.0,0.0014301475572196575,0.0014301475572196575
GTF,-13.661623948226312,34.62390606554675,-18.794247939406258,-16.14894372725331,-16.14894372725331,-14.070228006639846,-14.070228006639846
GTF2035,-6.276409481016823,36.94861059801412,-4.1396415475364625,-22.53503775088008,-22.53503775088008,-3.6613242670078185,-3.6613242670078185
GTF2035 - 20,-6.7441650903378285,38.813574333886294,-3.6476520574947324,-24.430489913133403,-37.40962629255246,-3.0850069152812245,-3.9427209864105457
GTF2035 - 100,-8.56914301623763,64.43695558069548,-4.154486262983071,-31.97595669916879,-95.46467068082127,-3.1398614962163762,-8.171568366547001
GTF2035WI,-93.4183650713658,40.47856366076603,-38.89086533449901,-28.976689318501357,-28.976689318501357,-38.95777076664106,-38.95777076664106
GTF2035WI - 20,-93.45129801710877,63.771739362231514,-37.37734114205203,-30.713720123745382,-42.61380103526183,-37.57132208924968,-37.91117395887525
GTF2035WI - 100,-93.5798328718052,71.09722396687323,-32.24392861017329,-37.62972301786003,-95.84168575391925,-32.83887926577015,-34.5147440454676
