engine_display,NOx,Contrail (CoCiP),Non-CO₂ (Contrail CoCiP),CO2 Conservative,CO2 Optimistic,Total (Contrail CoCiP) Conservative,Total (Contrail CoCiP) Optimistic
CFM1990,0.0,0.0,0.0,0.0,0.0,0.0,0.0
CFM2008,0.7005371882464367,-64.16859628117703,2.475675320601485,0.0,0.0,3.3317720478683017,3.3317720478683017
GTF,-19.41772829714477,-33.55707930474882,-18.512413619654378,-16.148861290305685,-16.148861290305685,-17.784939547367156,-17.784939547367156
GTF2035,-12.897833672072132,-35.050438740325504,-11.918134684799728,-22.764095716545867,-22.764095716545867,-11.563905336349208,-11.563905336349208
GTF2035 - 20,-13.332830418948461,-37.05867645655225,-11.659576826769069,-24.654086439621164,-37.594584890071594,-11.379390929527968,-11.818052509113155
GTF2035 - 100,-15.015284012567218,-44.5126319709553,-12.44436802920389,-32.16819897433506,-95.47735100464759,-12.408173732114324,-14.534029463208489
GTF2035WI,-93.80710967109508,-39.156178273844546,-87.06351343630672,-29.754842101977687,-29.754842101977687,-85.83004248012189,-85.83004248012189
GTF2035WI - 20,-93.83819080639867,-41.96709601749381,-87.52775321393177,-31.473024454316228,-43.24160130139271,-86.39906824982728,-86.64251028598336
GTF2035WI - 100,-93.94850250349303,-50.045315323780756,-89.11181736293302,-38.25918205225382,-95.8830894584254,-87.98445160253618,-89.39431404851761
