engine_display,NOx,Non-CO₂ (Contrail aCCF),CO₂,CO₂,Total (Contrail aCCF) Conservative,Total (Contrail aCCF) Optimistic
CFM1990,0.0,0.0,0.0,0.0,0.0,0.0
CFM2008,0.00850756891234786,0.008373375513841229,0.0,0.0,0.008018079554535058,0.008018079554535058
GTF,-14.248900499996681,-14.266874224503653,-16.16689891114769,-16.16689891114769,-14.349734040871235,-14.349734040871235
GTF2035,-7.933818037393809,-8.261854635016446,-23.08452824119481,-23.08452824119481,-8.891683128627934,-8.891683128627934
GTF2035 - 20,-8.395278402007651,-8.68255633164374,-24.967154187382707,-37.854516416004934,-9.374225798643913,-9.919596391257116
GTF2035 - 100,-10.195631084571112,-10.326754762602643,-32.46145713134572,-95.4972693244483,-11.265897872769216,-13.933497013349081
GTF2035WI,-93.61165722620812,-92.12214242965932,-29.262348973474143,-29.262348973474143,-89.45888638298082,-89.45888638298082
GTF2035WI - 20,-93.6437603467486,-92.12622381234166,-30.99313425589088,-42.845537568084865,-89.53602750166337,-90.03794277192307
GTF2035WI - 100,-93.76900766962805,-92.14469706967188,-37.882999011448646,-95.85874592523146,-89.84526441219325,-92.30050378057865
