engine_display,H₂O,NOx,Non-CO₂ (Contrail aCCF),CO₂,CO₂,Total (Contrail aCCF) Conservative,Total (Contrail aCCF) Optimistic
CFM1990,0.0,0.0,0.0,0.0,0.0,0.0,0.0
CFM2008,0.0,0.00021513085949496926,0.00020952510949505065,0.0,0.0,0.00020183777717407522,0.00020183777717407522
GTF,-16.000429751263436,-18.291381721036082,-18.313422151410485,-16.157762100502833,-16.157762100502833,-18.29039505873745,-18.29039505873745
GTF2035,-21.80791918053732,-9.763923122493445,-10.055909372417872,-21.96211388510432,-21.96211388510432,-10.481675158530061,-10.481675158530061
GTF2035 - 20,-20.496502205881782,-10.212277288293585,-10.469929711195764,-23.870797669533697,-36.94674946181459,-10.944226679030123,-11.368258331431075
GTF2035 - 100,-15.502162108382409,-11.96201603997566,-12.088067928128522,-31.470148237190166,-95.43134321581267,-12.756544997998462,-14.830682279705156
GTF2035WI,-28.355770142328968,-93.69969719998258,-92.43879593548297,-28.513463535331823,-28.513463535331823,-90.37818986765129,-90.37818986765129
GTF2035WI - 20,-27.15409994247842,-93.73110982509478,-92.44632627972858,-30.261798915151665,-42.24003233348522,-90.44238856160803,-90.83101061601228
GTF2035WI - 100,-22.575814243069484,-93.85365940990346,-92.47783438576974,-37.221325465883844,-95.81475503105892,-90.69938998191368,-92.60037915717524
