engine_display,H₂O,NOx,Contrail (aCCF),Non-CO₂ (Contrail aCCF),CO₂,CO₂,Total (Contrail aCCF) Conservative,Total (Contrail aCCF) Optimistic
CFM1990,0.0,0.0,0.0,0.0,0.0,0.0,0.0,0.0
CFM2008,0.0,0.014539983278745026,-63.32088355915692,21.364780000797523,0.0,0.0,8.00240155990634,8.00240155990634
GTF,-15.887802918041707,-11.629429553570846,-60.17733682734849,8.529284227815715,-15.935598485417685,-15.935598485417685,-3.9383493999493875,-3.9383493999493875
GTF2035,-22.328674774041982,-4.18763982021368,-60.43877884175127,16.831318491292933,-22.368339648201566,-22.368339648201566,2.443746448379588,2.443746448379588
GTF2035 - 20,-21.026909634218484,-4.666035928267646,-62.44978077340502,16.222700579310295,-24.26794552783435,-37.27568320397353,1.8219954377091114,1.0423307442633283
GTF2035 - 100,-16.068933853270984,-6.532679847205065,-58.27379451925605,13.720632392944765,-31.83011681392056,-95.45534112092804,-0.7272849241733641,-4.540872684956984
GTF2035WI,-28.867364861431994,-93.31818834528482,-62.63604444813342,-76.55921991118215,-28.911355877878037,-28.911355877878037,-80.44438191403171,-80.44438191403171
GTF2035WI - 20,-27.674708659977394,-93.35164684807278,-60.47617151960056,-76.5711008090141,-30.65029855200673,-42.56180327271405,-80.6116426535672,-80.64862532071831
GTF2035WI - 100,-23.131386622920104,-93.48217432599205,-54.57546592185898,-76.60226291056779,-37.57296970742241,-95.83819798049483,-80.79491123673257,-80.53322763258015
