engine_display,H₂O,NOx,Non-CO₂ (Contrail CoCiP),CO₂,CO₂,Total (Contrail CoCiP) Conservative,Total (Contrail CoCiP) Optimistic
CFM1990,0.0,0.0,0.0,0.0,0.0,0.0,0.0
CFM2008,0.0,0.004097426098346778,0.004012348330580506,0.0,0.0,0.0037954469604450877,0.0037954469604450877
GTF,-16.04042901242583,-12.385633644507228,-12.503574135726023,-16.156626802344995,-16.156626802344995,-12.70814582369432,-12.70814582369432
GTF2035,-22.64217550422806,-5.30840675935718,-5.837623720457105,-22.757793363800335,-22.757793363800335,-6.66574070790753,-6.66574070790753
GTF2035 - 20,-21.345890527215037,-5.7817395592172325,-6.257708970522177,-24.6479347655588,-37.589839742360844,-7.154921992360045,-7.763839617666575
GTF2035 - 100,-16.40920717474012,-7.628678856366947,-7.900577014937572,-32.17259937029216,-95.47784596971594,-9.074256271968018,-12.05409818034919
GTF2035WI,-29.06275968661076,-93.37885419070176,-91.4501128751898,-29.178829654889142,-29.178829654889142,-88.51809793648428,-88.51809793648428
GTF2035WI - 20,-27.873695583981785,-93.4120676770681,-91.44680270933294,-30.91147880613192,-42.77770815445438,-88.59670944760211,-89.15614417239746
GTF2035WI - 100,-23.34391440385509,-93.54161257836124,-91.4371643749917,-37.808472492740556,-95.85366613916024,-88.91299252714536,-91.65161127485291
