engine_display,H₂O,NOx,Non-CO₂ (Contrail aCCF),CO₂,CO₂,Total (Contrail aCCF) Conservative,Total (Contrail aCCF) Optimistic
CFM1990,0.0,0.0,0.0,0.0,0.0,0.0,0.0
CFM2008,0.0,0.0018208787153269573,0.0017485068543138754,0.0,0.0,0.0016602119189066556,0.0016602119189066556
GTF,-16.009867497435625,-10.080915005087904,-10.442008034085926,-16.40956456344679,-16.40956456344679,-10.796393014287712,-10.796393014287712
GTF2035,-22.591254459553443,-2.9515893670433893,-4.027585868339322,-23.02302607240526,-23.02302607240526,-5.110660191799706,-5.110660191799706
GTF2035 - 20,-21.294089422716496,-3.4369645711661416,-4.420184154573635,-24.906771331882176,-37.80478428791809,-5.586736011538551,-6.308461876478032
GTF2035 - 100,-16.353144249680295,-5.33024478666003,-5.957737090044906,-32.40537955246323,-95.49369197016422,-7.457987093413005,-10.988182913870057
GTF2035WI,-29.08090812375712,-93.19759124615989,-89.87463483051488,-29.469420900134402,-29.469420900134402,-86.50140063429045,-86.50140063429045
GTF2035WI - 20,-27.8923963329335,-93.23176408615153,-89.84533951065919,-31.19524951005731,-43.01315345420987,-86.5704027695855,-87.23167069361224
GTF2035WI - 100,-23.363387622110608,-93.36483944906601,-89.73642474433142,-38.06385872527226,-95.87092391501815,-86.85226376485936,-90.08684825796055
