engine_display,NOx,Non-CO2,CO2 Conservative,CO2 Optimistic,Total Climate Impact Conservative,Total Climate Impact Optimistic
CFM1990,0.0,0.0,0.0,0.0,0.0,0.0
CFM2000,0.2776636839235097,0.2634626455641806,0.0,0.0,0.24039478492106034,0.24039478492106034
GTF,-23.167586194796105,-22.67577289082318,-15.27125351266288,-15.27125351266288,-22.012782833645588,-22.012782833645588
GTF2035,-15.648471675186054,-15.939684318936957,-21.727030791549993,-21.727030791549993,-16.50427897343252,-16.50427897343252
GTF2035 - 20,-16.016989363319937,-16.398226643933988,-23.657285817214984,-36.74392210597352,-17.099945025892836,-18.32264654067364
GTF2035 - 100,-17.60358185539354,-18.32955701810116,-31.242647109935916,-95.41577868982507,-19.558252091841705,-25.558241514607243
GTF2035WI,-93.78413577239222,-90.19591198337271,-30.259800823052167,-30.259800823052167,-84.58941536464638,-84.58941536464638
GTF2035WI - 20,-93.8150703051401,-90.32235851507956,-31.994700239593193,-43.65217468423409,-84.86607430721497,-85.95604630739543
GTF2035WI - 100,-93.93631799146688,-90.81480300980887,-38.69472604764893,-95.9126446691516,-85.93918942660783,-91.2936300026049
