engine_display,H₂O,NOx,Contrail (aCCF),Non-CO₂ (Contrail aCCF),CO₂,CO₂,Total (Contrail aCCF) Conservative,Total (Contrail aCCF) Optimistic
CFM1990,0.0,0.0,0.0,0.0,0.0,0.0,0.0,0.0
CFM2008,0.0,0.0024823873461114363,-62.03308685957014,23.97344531213944,0.0,0.0,7.363309502112853,7.363309502112853
GTF,-16.091200826071752,-13.526662133519645,-54.61937038228826,8.463343413611808,-16.140447846624664,-16.140447846624664,-5.833117518677373,-5.833117518677373
GTF2035,-22.488137724025346,-6.172883930674296,-55.743580303399796,17.30400108756403,-22.526942977203348,-22.526942977203348,0.8892355771167954,0.8892355771167954
GTF2035 - 20,-21.18908024273589,-6.64145132342378,-57.73365223096425,16.720552468063048,-24.42270150067053,-37.403858290915366,0.32820611563060076,-0.3240205633945281
GTF2035 - 100,-16.241188460873488,-8.469594485774994,-58.36603646714526,15.071262027412754,-31.969353839232422,-95.46462358928216,-1.2591180903792945,-4.449358610520914
GTF2035WI,-28.931360371072323,-93.41720753759128,-58.74172787505307,-66.47488467678237,-28.97059269449856,-28.97059269449856,-72.09488521275428,-72.09488521275428
GTF2035WI - 20,-27.739478282861445,-93.45015198532849,-58.76126232504914,-66.2264980264562,-30.707861156885883,-42.609478924579165,-71.8358068041701,-71.76429962625936
GTF2035WI - 100,-23.200183847257204,-93.57873113177698,-56.03694388261814,-64.5247857460195,-37.62477268634668,-95.84165151242311,-70.09926349104991,-69.7494855607409
