engine_display,NOx,Non-CO₂ (Contrail CoCiP),CO₂,CO₂,Total (Contrail CoCiP) Conservative,Total (Contrail CoCiP) Optimistic
CFM1990,0.0,0.0,0.0,0.0,0.0,0.0
CFM2008,0.0196456892941803,0.01928975434213961,0.0,0.0,0.018276283898714548,0.018276283898714548
GTF,-12.17719646070561,-12.296391699154048,-16.67399858292267,-16.67399858292267,-12.526989295480782,-12.526989295480782
GTF2035,-5.2143039850497095,-5.671180092504759,-23.28877132892873,-23.28877132892873,-6.509611887651243,-6.509611887651243
GTF2035 - 20,-5.688156209726135,-6.101121323967992,-25.166007282321907,-38.01919036584494,-7.006009642012952,-7.596952355630626
GTF2035 - 100,-7.536893597621348,-7.781538552981853,-32.639100357651,-95.50909900478011,-8.95243518731867,-11.844500490282284
GTF2035WI,-93.37670647790931,-91.78243724086991,-29.64192439311174,-29.64192439311174,-88.92123684834766,-88.92123684834766
GTF2035WI - 20,-93.40987001391424,-91.78530609940744,-31.36274124821547,-43.15160268840428,-89.00330892984233,-89.54645788237683
GTF2035WI - 100,-93.53943617708202,-91.7994829460985,-38.214924138283315,-95.88084230319056,-89.33275362916687,-91.99193093019275
