engine_display,H₂O,NOx,Contrail (aCCF),Non-CO₂ (Contrail aCCF),CO₂,CO₂,Total (Contrail aCCF) Conservative,Total (Contrail aCCF) Optimistic
CFM1990,0.0,0.0,0.0,0.0,0.0,0.0,0.0,0.0
CFM2008,0.0,0.0009004084427377513,-66.25496258753496,-28.124064854360142,0.0,0.0,-27.789911413810326,-27.789911413810326
GTF,-16.326256397014014,-13.633078205781167,-62.7447897123413,-37.87238682226579,-16.33881746665914,-16.33881746665914,-37.48740083510263,-37.48740083510263
GTF2035,-22.617164147773806,-6.600330974731299,-63.497459203194,-34.4208956214853,-22.657503814500547,-22.657503814500547,-34.2523271856312,-34.2523271856312
GTF2035 - 20,-21.32085486514368,-7.067935762897138,-67.58089065922651,-33.1652009235621,-24.5506305982308,-37.509814286678676,-33.040627275686205,-33.221088434052824
GTF2035 - 100,-16.38256909173884,-8.890705515697245,-67.89800269573574,-31.136053915382323,-32.08555081228483,-95.47237005415232,-31.144946149699926,-32.02766333956307
GTF2035WI,-29.002189117376385,-93.39781596435277,-68.55123200161457,-77.01913777251926,-29.040338250163778,-29.040338250163778,-76.03819894155413,-76.03819894155413
GTF2035WI - 20,-27.811684611403553,-93.43090086184543,-68.08370974000361,-77.15671353905742,-30.776117698634884,-42.666011722717364,-76.25489840831709,-76.4731034942434
GTF2035WI - 100,-23.27755258008259,-93.55999186519499,-67.762608240271,-78.05307593626306,-37.68666684504115,-95.84577778966941,-77.26355072742845,-78.39968142207474
