engine_display,H₂O,NOx,Non-CO₂ (Contrail CoCiP),CO₂,CO₂,Total (Contrail CoCiP) Conservative,Total (Contrail CoCiP) Optimistic
CFM1990,0.0,0.0,0.0,0.0,0.0,0.0,0.0
CFM2008,0.0,0.015496914725613053,0.015230356629558118,0.0,0.0,0.014469758149967982,0.014469758149967982
GTF,-16.28806652886148,-12.76140677674675,-12.89067635696616,-16.383468669675647,-16.383468669675647,-13.089425444922021,-13.089425444922021
GTF2035,-22.84283383022704,-5.666333846569168,-6.206763296298563,-22.9362979516082,-22.9362979516082,-7.021233335770259,-7.021233335770259
GTF2035 - 20,-21.54983077782363,-6.137943777588878,-6.625084179703378,-24.82213962012765,-37.73468891897453,-7.507988140384148,-8.110437045926009
GTF2035 - 100,-16.62545498600892,-7.97811641606348,-8.260967451150796,-32.3295780184852,-95.48863853456567,-9.41766703934771,-12.364414073755352
GTF2035WI,-29.248342186727243,-93.41278227060405,-91.48176131828262,-29.3449162422056,-29.3449162422056,-88.5904981434678,-88.5904981434678
GTF2035WI - 20,-28.062091429386786,-93.44580318284477,-91.47804360015316,-31.07334369174351,-42.912186179249645,-88.66768374219669,-89.22003179856178
GTF2035WI - 100,-23.543776221933722,-93.57465262154604,-91.46686203712964,-37.95431306089167,-95.86362087072611,-88.97840125301077,-91.68018770591107
