engine_display,NOx,Non-CO₂ (Contrail CoCiP),CO2 Conservative,CO2 Optimistic,Total (Contrail CoCiP) Conservative,Total (Contrail CoCiP) Optimistic
CFM1990,0.0,0.0,0.0,0.0,0.0,0.0
CFM2008,0.24081659107726786,0.2367429753421012,0.0,0.0,0.229440355078569,0.229440355078569
GTF,-20.912830431030358,-20.856551450985314,-17.569528301718055,-17.569528301718055,-20.760477207155752,-20.760477207155752
GTF2035,-16.926936132694593,-17.029273799199395,-24.97161111360017,-24.97161111360017,-17.2828817529772,-17.2828817529772
GTF2035 - 20,-16.191476106118895,-16.288459032752357,-26.46686932336576,-39.09600536033855,-16.610385544496992,-17.00481157331964
GTF2035 - 100,-18.976862616862476,-18.95901865496709,-34.124425256240585,-95.60798457458665,-19.437915385998945,-21.357113830016207
GTF2035WI,-93.64035237092028,-92.71287258492964,-30.84304540207368,-30.84304540207368,-90.7792939051165,-90.7792939051165
GTF2035WI - 20,-93.89768577201762,-92.94730362630868,-32.55429781547019,-44.13805346713231,-91.06139418874302,-91.42286469510383
GTF2035WI - 100,-93.77134094359857,-92.75969438465272,-39.26880572616771,-95.95083583689782,-91.08754256308387,-92.85763098839924
