engine_display,H₂O,NOx,Non-CO₂ (Contrail CoCiP),CO₂,CO₂,Total (Contrail CoCiP) Conservative,Total (Contrail CoCiP) Optimistic
CFM1990,0.0,0.0,0.0,0.0,0.0,0.0,0.0
CFM2008,0.0,0.005744011449249818,0.005664369415879999,0.0,0.0,0.005482921242753364,0.005482921242753364
GTF,-16.64097115556154,-10.739848317589768,-10.8688916870264,-16.802208297800636,-16.802208297800636,-11.140148528037063,-11.140148528037063
GTF2035,-23.300028585021987,-4.105226796203852,-4.610305083462339,-23.468171836896808,-23.468171836896808,-5.534261204687785,-5.534261204687785
GTF2035 - 20,-22.01433413299946,-4.585270963059785,-5.041181772689479,-25.340649238421918,-38.164139325230586,-6.037124067158236,-6.6771259174817
GTF2035 - 100,-17.117813782680475,-6.458487092935066,-6.725903341889647,-32.79515026715339,-95.51967668447689,-8.009942616347548,-11.14033954567907
GTF2035WI,-29.72137434996549,-93.3698737454137,-91.89180940545201,-29.911798985556494,-29.911798985556494,-88.72987182429297,-88.72987182429297
GTF2035WI - 20,-28.54269105178157,-93.40311153774563,-91.89536766133617,-31.626002860279463,-43.36992060899786,-88.83440664705135,-89.47158857342575
GTF2035WI - 100,-24.053018579608594,-93.53295975527985,-91.91219107099906,-38.4504960810467,-95.89669973873644,-89.24202590417507,-92.10857289366893
