engine_display,NOx,Contrail (aCCF),Non-CO₂ (Contrail aCCF),CO2 Conservative,CO2 Optimistic,Total (Contrail aCCF) Conservative,Total (Contrail aCCF) Optimistic
CFM1990,0.0,0.0,0.0,0.0,0.0,0.0,0.0
CFM2008,0.023526411340528772,0.0,0.026121394949771157,0.0,0.0,0.023905221340478944,0.023905221340478944
GTF,-11.35699399633634,11.081599968277036,-5.423786309465298,-16.08558845773565,-16.08558845773565,-5.797537871949769,-5.797537871949769
GTF2035,-3.4877164267603717,16.057691514046272,2.791442144047712,-22.480074657934313,-22.480074657934313,0.8460194769804447,0.8460194769804447
GTF2035 - 20,-3.968086845911483,17.389469356319093,2.2067365962469436,-24.376395653721303,-37.363553078164166,0.23142157171003627,-0.5196845230108074
GTF2035 - 100,-5.842510855110923,26.01051958668431,1.2668826903986596,-31.925770099176106,-95.46058415520821,-0.8263588797736078,-4.931157297142712
GTF2035WI,-93.27063556151107,20.730036155094187,-39.04630607439839,-29.010946887983412,-29.010946887983412,-42.05356090318688,-42.05356090318688
GTF2035WI - 20,-93.3042495964548,24.631833933872972,-36.61294271878647,-30.746972009384464,-42.64028626910195,-39.71611031111638,-39.69812728800954
GTF2035WI - 100,-93.4354382058754,30.540043047387805,-32.93675403372607,-37.658548949135664,-95.84301225013073,-36.15471560133306,-36.18317637281589
