engine_display,H₂O,NOx,Non-CO₂ (Contrail CoCiP),CO₂,CO₂,Total (Contrail CoCiP) Conservative,Total (Contrail CoCiP) Optimistic
CFM1990,0.0,0.0,0.0,0.0,0.0,0.0,0.0
CFM2008,0.0,0.0009554117305810423,0.0009398071946502236,0.0,0.0,0.0008978964786383041,0.0008978964786383041
GTF,-16.13083189354488,-13.70260568452463,-13.739264868161388,-16.177643105953685,-16.177643105953685,-13.84341439934925,-13.84341439934925
GTF2035,-23.315099302275954,-7.880767160377832,-8.11405539748524,-23.359807185482005,-23.359807185482005,-8.765241450869656,-8.765241450869656
GTF2035 - 20,-22.030718482363856,-8.342903468171034,-8.549791095595893,-25.23597483889612,-38.07744380056734,-9.262501776508445,-9.810994603172006
GTF2035 - 100,-17.13953412065875,-10.145947342295576,-10.251641109303591,-32.704414102078225,-95.51362760680522,-11.210657944682772,-13.893404222273723
GTF2035WI,-29.366369128212156,-93.64712763402045,-92.45777317619734,-29.39999571569541,-29.39999571569541,-89.67345487341866,-89.67345487341866
GTF2035WI - 20,-28.18257277480143,-93.67906287929088,-92.47067865307861,-31.127547325323146,-42.95707979672564,-89.76212136912304,-90.2850150575889
GTF2035WI - 100,-23.674036224907745,-93.80374966626658,-92.52285373028954,-38.004910218200955,-95.86699401454673,-90.11588911353763,-92.67360330973924
