engine_display,H₂O,NOx,Contrail (CoCiP),Non-CO₂ (Contrail CoCiP),CO₂,CO₂,Total (Contrail CoCiP) Conservative,Total (Contrail CoCiP) Optimistic
CFM1990,0.0,0.0,0.0,0.0,0.0,0.0,0.0,0.0
CFM2008,0.0,0.003896313847797633,-59.80434312898789,453.51471655009925,0.0,0.0,89.13746191340675,89.13746191340675
GTF,-15.72345142737029,-10.879868157566623,187.10662386731818,437.7364847610691,-15.745136155742781,-15.745136155742781,73.79592512461335,73.79592512461335
GTF2035,-22.10392835038858,-3.348508930802759,215.1508867700053,495.6436491810114,-22.14107908924204,-22.14107908924204,89.22947842438754,89.22947842438754
GTF2035 - 20,-20.798423592958056,-3.831376428976018,204.45235995571633,516.6610847600573,-24.04626652392269,-37.09207978577373,93.14579884435766,91.59507123794522
GTF2035 - 100,-15.82631913959919,-5.715606441038506,191.40773080400615,552.8565511055464,-31.630726682611808,-95.44204844550744,98.18685157385943,90.60173283844306
GTF2035WI,-28.728127520038647,-93.26559432632712,209.75762015695634,-50.05532404326492,-28.766983039514116,-28.766983039514116,-79.01104670684244,-79.01104670684244
GTF2035WI - 20,-27.533350320583537,-93.29933143150694,197.82070206168305,-68.21614565565083,-30.509540607216483,-42.44522191252098,-77.62623415574535,-78.89023183829067
GTF2035WI - 100,-22.98134217736684,-93.43095083689855,139.18888092395068,-59.6758359705556,-37.44634200735314,-95.82975613382354,-73.58845698292079,-79.77132386422593
