engine_display,NOx,Contrail (aCCF),Non-CO₂ (Contrail aCCF),CO₂,CO₂,Total (Contrail aCCF) Conservative,Total (Contrail aCCF) Optimistic
CFM1990,0.0,0.0,0.0,0.0,0.0,0.0,0.0
CFM2008,0.000619319992895882,-64.77212769289024,-24.290458765293586,0.0,0.0,-23.76909314426012,-23.76909314426012
GTF,-11.515469763852565,-64.83509717800615,-30.733148801130856,-15.025415027091729,-15.025415027091729,-30.42664640780044,-30.42664640780044
GTF2035,-4.078400306055875,-64.5904267146308,-26.003200697324736,-21.447043752671963,-21.447043752671963,-26.074354371346036,-26.074354371346036
GTF2035 - 20,-4.557776458976581,-65.49606222176259,-27.025010514825553,-23.36927130953373,-36.53082364524008,-27.13177064525109,-27.55305579706925
GTF2035 - 100,-6.4283351448465185,-65.26996345075501,-28.6424077153917,-31.021469429652555,-95.401117401814,-28.93649650502601,-31.004489248908808
GTF2035WI,-93.34074879364061,-64.75029801114123,-84.23850121985413,-28.1501723342403,-28.1501723342403,-82.04026867541667,-82.04026867541667
GTF2035WI - 20,-93.37415459734468,-64.73019882515344,-84.4935707065984,-29.908010401377283,-41.94662557633168,-82.35345670511884,-82.79480756658668
GTF2035WI - 100,-93.50438327953167,-64.96819621583859,-84.72760563710261,-36.90498762330224,-95.79344980123486,-82.83466213468581,-85.00268372401645
