engine_display,NOx,Non-CO₂ (Contrail aCCF),CO₂,CO₂,Total (Contrail aCCF) Conservative,Total (Contrail aCCF) Optimistic
CFM1990,0.0,0.0,0.0,0.0,0.0,0.0
CFM2008,0.0003569760945404416,0.0003467614051521225,0.0,0.0,0.0003319749069807452,0.0003319749069807452
GTF,-14.473571701345268,-14.505979891948751,-15.696833281644137,-15.696833281644137,-14.556759913045322,-14.556759913045322
GTF2035,-7.5315824905454045,-7.951231201949634,-22.328623257494666,-22.328623257494666,-8.564307738668662,-8.564307738668662
GTF2035 - 20,-7.995093381704062,-8.364181077075749,-24.2296803104648,-37.243990420339365,-9.040713043773648,-9.595665439807973
GTF2035 - 100,-9.802194997445572,-9.977521907132179,-31.797067010622182,-95.45313780070815,-10.907944552153774,-13.622348059434957
GTF2035WI,-93.56081907893756,-91.70058394689673,-28.701510839349748,-28.701510839349748,-89.01419594216894,-89.01419594216894
GTF2035WI - 20,-93.59308797209113,-91.69762392930524,-30.445172194948228,-42.391909418743936,-89.08571484108039,-89.59514410710867
GTF2035WI - 100,-93.71942415705558,-91.6898485335794,-37.390521469261515,-95.82603476461743,-89.37443254894487,-91.86622257415317
