engine_display,H₂O,NOx,Contrail (aCCF),Non-CO₂ (Contrail aCCF),CO₂,CO₂,Total (Contrail aCCF) Conservative,Total (Contrail aCCF) Optimistic
CFM1990,0.0,0.0,0.0,0.0,0.0,0.0,0.0,0.0
CFM2008,0.0,0.003803010816251599,-64.80374926392916,-32.15789973815947,0.0,0.0,-31.623690495349493,-31.623690495349493
GTF,-15.766166705940973,-11.907354441188051,-58.81668742186362,-37.667499061033006,-15.740214503311204,-15.740214503311204,-37.370556483856696,-37.370556483856696
GTF2035,-22.169639739987357,-4.412782056928133,-54.61372232462097,-33.1862576238447,-22.144165701286813,-22.144165701286813,-33.194085555833816,-33.194085555833816
GTF2035 - 20,-20.86523451140705,-4.890066385574666,-53.712610222611055,-33.366612297450715,-24.04927526047049,-37.094571741732075,-33.42159151651621,-33.73323580120919
GTF2035 - 100,-15.897227138438275,-6.752444675530031,-41.912138893465034,-31.956765996581616,-31.633363535694837,-95.44222423571298,-32.26106915417032,-33.785417310762696
GTF2035WI,-28.735292552448882,-93.33604998034457,-48.38198818629191,-75.96056012027869,-28.713800401816485,-28.713800401816485,-74.8070358435627,-74.8070358435627
GTF2035WI - 20,-27.540265311824047,-93.36941267081355,-45.357777560968124,-75.214942478565,-30.45753153933073,-42.40214592213528,-74.13161584376323,-74.41700715476206
GTF2035WI - 100,-22.988641977063846,-93.4995989120494,-38.604673145553576,-73.31923531827702,-37.39955742725372,-95.82663716181692,-72.46105617634417,-73.85704535110636
