engine_display,NOx,Contrail (aCCF),Non-CO₂ (Contrail aCCF),CO2 Conservative,CO2 Optimistic,Total (Contrail aCCF) Conservative,Total (Contrail aCCF) Optimistic
CFM1990,0.0,0.0,0.0,0.0,0.0,0.0,0.0
CFM2008,0.009165591141689768,0.0,0.009136145770842447,0.0,0.0,0.00845896800235595,0.00845896800235595
GTF,-11.903817727770996,13.048233131644421,-8.84349248368346,-15.848485002674655,-15.848485002674655,-7.877285257015537,-7.877285257015537
GTF2035,-4.4043578637785625,14.523115877102754,-0.43783794280070293,-22.268732234081625,-22.268732234081625,-1.1128558835149214,-1.1128558835149214
GTF2035 - 20,-4.881389455550488,15.374758924432328,-0.36776440040856806,-24.170619226181213,-37.1940258031081,-1.0627038246281792,-1.6589901955295683
GTF2035 - 100,-6.7427539892698505,27.420996277567678,-0.56642602295828,-31.741924464088434,-95.44885562748394,-1.2927699796230065,-4.525333571023405
GTF2035WI,-93.32817709194387,17.91036266139958,-50.138446089582175,-28.821952906612708,-28.821952906612708,-50.161136256974345,-50.161136256974345
GTF2035WI - 20,-93.36157720739912,25.854256801695957,-49.227097771093476,-30.56292953178863,-42.488627481044375,-49.460194397814305,-49.761708873796834
GTF2035WI - 100,-93.4918936665857,31.166565686117977,-47.01767114840735,-37.49388803032579,-95.83247049534982,-47.627126213459945,-48.6608549948268
