engine_display,H₂O,NOx,Contrail (CoCiP),Non-CO₂ (Contrail CoCiP),CO₂,CO₂,Total (Contrail CoCiP) Conservative,Total (Contrail CoCiP) Optimistic
CFM1990,0.0,0.0,0.0,0.0,0.0,0.0,0.0,0.0
CFM2008,0.0,0.0027247945387310862,-62.51820800157739,-8.386653755914066,0.0,0.0,-8.563960825225418,-8.563960825225418
GTF,-15.553905361564482,-11.889924071772016,-46.13636485522636,-19.804424287016484,-15.567444266875857,-15.567444266875857,-20.062174461719028,-20.062174461719028
GTF2035,-21.90473759291892,-4.198260096565773,-47.129320862337934,-14.369884437258612,-21.919565311093788,-21.919565311093788,-15.041606942944972,-15.041606942944972
GTF2035 - 20,-20.59589512172725,-4.675992657138522,-48.886434755255365,-14.700662185855723,-23.829969911037846,-36.91215076261168,-15.414324102163388,-15.88480098512931
GTF2035 - 100,-15.610847003076229,-6.54000427437587,-51.80129958113905,-16.778724054860096,-31.43511816073991,-95.4285522711779,-17.65652295198274,-19.943477232258726
GTF2035WI,-28.508956503369987,-93.31900836550356,-47.57948190726037,-83.20248356586292,-28.523306458112728,-28.523306458112728,-84.73404599804022,-84.73404599804022
GTF2035WI - 20,-27.31028013755152,-93.35244034418359,-50.3085145100882,-84.4212638006026,-30.27161760856851,-42.247553153765075,-84.50167836439323,-84.99867953343892
GTF2035WI - 100,-22.744115315723366,-93.48285382202555,-53.11004372482171,-86.45263356691069,-37.23152390900359,-95.81509083293153,-85.53121410494641,-88.06244384496111
