engine_display,H₂O,NOx,Non-CO₂ (Contrail CoCiP),CO₂,CO₂,Total (Contrail CoCiP) Conservative,Total (Contrail CoCiP) Optimistic
CFM1990,0.0,0.0,0.0,0.0,0.0,0.0,0.0
CFM2008,0.0,0.02608170529942629,0.02564664692521801,0.0,0.0,0.024381234644901786,0.024381234644901786
GTF,-16.521732297977877,-13.203891826326778,-13.33702080936326,-16.598211756290887,-16.598211756290887,-13.521721265098183,-13.521721265098183
GTF2035,-23.03491700247615,-6.076444257505512,-6.619407223713828,-23.108312900019882,-23.108312900019882,-7.410111458238687,-7.410111458238687
GTF2035 - 20,-21.74511436117103,-6.545859512507183,-7.035713003210778,-24.98992545212073,-37.873655856464474,-7.8938960954336626,-8.487076501160825
GTF2035 - 100,-16.83276267924966,-8.37742295489893,-8.66367260571586,-32.4804521340181,-95.49869680893454,-9.791818103441633,-12.69323616054475
GTF2035WI,-29.42495333646054,-93.44516129885665,-91.52142898985093,-29.5035811694773,-29.5035811694773,-88.67514926917563,-88.67514926917563
GTF2035WI - 20,-28.24142763314172,-93.477994909151,-91.51765111264837,-31.227916911981442,-43.04020990317951,-88.751055302998,-89.29491631774235
GTF2035WI - 100,-23.73419865862627,-93.60616601766306,-91.50629899913916,-38.09334365683374,-95.87288957712225,-89.05677947117752,-91.71705391215983
