engine_display,H₂O,NOx,Non-CO₂ (Contrail CoCiP),CO₂,CO₂,Total (Contrail CoCiP) Conservative,Total (Contrail CoCiP) Optimistic
CFM1990,0.0,0.0,0.0,0.0,0.0,0.0,0.0
CFM2008,0.0,0.00038809563899645604,0.0003729177748747659,0.0,0.0,0.000355999847103597,0.000355999847103597
GTF,-15.461958377396016,-15.165557185536363,-15.232322752724631,-15.410749760198538,-15.410749760198538,-15.283219731233261,-15.283219731233261
GTF2035,-21.60195593697108,-7.020045912791269,-7.479840833152631,-21.512320267154365,-21.512320267154365,-8.102336405951597,-8.102336405951597
GTF2035 - 20,-20.287653977175175,-7.483397398624227,-7.89333054203262,-23.432447599557644,-36.583162407315086,-8.578696387866238,-9.127300140189318
GTF2035 - 100,-15.282198797828242,-9.291541103080679,-9.51034568550619,-31.076845702598497,-95.40481750732944,-10.447201742183418,-13.133438305491554
GTF2035WI,-28.265913285448168,-93.53918623250053,-91.70229838237628,-28.20027513289185,-28.20027513289185,-89.06234900297547,-89.06234900297547
GTF2035WI - 20,-27.062987254670045,-93.57151683980757,-91.69992507371758,-29.956521843220163,-41.98688236673705,-89.13366934769742,-89.63542167735307
GTF2035WI - 100,-22.480397310160644,-93.69760869178076,-91.69378057564782,-36.94759834100634,-95.79633440473323,-89.42064737715476,-91.87898847144345
