engine_display,H₂O,NOx,Contrail (aCCF),Non-CO₂ (Contrail aCCF),CO₂,CO₂,Total (Contrail aCCF) Conservative,Total (Contrail aCCF) Optimistic
CFM1990,0.0,0.0,0.0,0.0,0.0,0.0,0.0,0.0
CFM2008,0.0,0.001127571353655177,-67.74397663456561,-11.273704436341589,0.0,0.0,-10.785552263336315,-10.785552263336315
GTF,-15.932846336327538,-11.338759312516915,-66.19928818699812,-22.81313083736113,-16.148698335053957,-16.148698335053957,-22.599739831120118,-22.599739831120118
GTF2035,-22.292484832159314,-4.026399094405453,-67.0818331315753,-16.6751527135066,-22.49557236413468,-22.49557236413468,-16.87927278860161,-16.87927278860161
GTF2035 - 20,-20.990376267994577,-4.506452347169693,-68.72174529445643,-17.032672833191018,-24.392447735883284,-37.378800912767964,-17.29589375243567,-17.7402167716222
GTF2035 - 100,-16.0314238048546,-6.37949077985886,-68.99610178512465,-18.417476956850415,-31.943282335318546,-95.46288548902123,-18.896251202498878,-21.319339039665103
GTF2035WI,-28.69432584643537,-93.31196791297785,-69.32593233156965,-85.20476464809403,-28.935494465838218,-28.935494465838218,-82.90087533886367,-82.90087533886367
GTF2035WI - 20,-27.499699675454913,-93.34561814360676,-68.95003828349924,-85.07478779210591,-30.67407254040798,-42.5814938408675,-82.84649603130667,-83.3326329554545
GTF2035WI - 100,-22.946174375970934,-93.47639176753276,-68.86803138066739,-85.09863753351948,-37.594969160436825,-95.83966461069579,-83.15196068222342,-85.5298674431801
