engine_display,NOx,Contrail,Non-CO2,CO2 Conservative,CO2 Optimistic,Total Climate Impact Conservative,Total Climate Impact Optimistic
CFM1990,0.0,0.0,0.0,0.0,0.0,0.0,0.0
CFM2000,0.6353057944310748,-66.6989949796534,11.557363003903331,0.0,0.0,10.297905290283882,10.297905290283882
GTF,-20.100927245566975,-50.83670929344254,-10.490799322420427,-15.773256522244816,-15.773256522244816,-11.076512254421536,-11.076512254421536
GTF2035,-11.669488775142057,-53.91949140993025,-2.6688497243005984,-22.327806420799817,-22.327806420799817,-4.535029986488341,-4.535029986488341
GTF2035 - 20,-12.090687576284028,-56.68538936308087,-2.307754701779879,-24.245801897205528,-37.23139545843742,-4.3386287017812135,-5.490882298013382
GTF2035 - 100,-13.779893041039571,-56.317798745978145,-2.997276959018639,-31.760020002170304,-95.4501742103671,-5.589520060397606,-11.254171129479099
GTF2035WI,-93.38907838918702,-50.52148461671452,-86.95481250157216,-28.984154481466927,-28.984154481466927,-82.37996920225166,-82.37996920225166
GTF2035WI - 20,-93.53053726480917,-53.53241132252994,-86.5632857288734,-30.79638456048749,-42.65855860564919,-82.46051568240117,-83.5784859265658
GTF2035WI - 100,-93.80602917951425,-61.67980151842241,-87.33725827624872,-37.82575383986732,-95.85427966233364,-83.09653555068508,-88.92163683386975
