engine_display,H₂O,NOx,Contrail (aCCF),Non-CO₂ (Contrail aCCF),CO₂,CO₂,Total (Contrail aCCF) Conservative,Total (Contrail aCCF) Optimistic
CFM1990,0.0,0.0,0.0,0.0,0.0,0.0,0.0,0.0
CFM2008,0.0,0.003802720730297383,-65.13943212512766,-34.4592585937018,0.0,0.0,-33.88551900955584,-33.88551900955584
GTF,-15.774069783520863,-12.050026826389901,-55.3299813879388,-39.47012958660012,-15.74868439642308,-15.74868439642308,-39.12440056116214,-39.12440056116214
GTF2035,-22.179760360663856,-4.521074447303494,-54.265391670812235,-35.69724233546096,-22.15479776379161,-22.15479776379161,-35.594712135278826,-35.594712135278826
GTF2035 - 20,-20.875624736936107,-4.9975213335325135,-54.87043799293002,-36.011033227416064,-24.059507498173236,-37.1021572956827,-35.94327264113318,-36.2213648634878
GTF2035 - 100,-15.908667763689548,-6.856634072361809,-47.52629408585463,-35.442804267574004,-31.642046820427876,-95.44228666962377,-35.54495216145565,-36.90398135896842
GTF2035WI,-28.742879060944748,-93.33715321692925,-54.707048447438865,-76.90484932376918,-28.72166657200787,-28.72166657200787,-75.64125038694533,-75.64125038694533
GTF2035WI - 20,-27.54805449272213,-93.3705049967361,-48.28765414271637,-76.38542888804737,-30.465096673480936,-42.40773202039379,-75.18021644089039,-75.47405491876266
GTF2035WI - 100,-22.99721964242179,-93.50064914655314,-46.883501096049116,-75.14964327129191,-37.40595668831125,-95.82668175667798,-74.13652395645515,-75.58127832156853
