engine_display,H₂O,NOx,Contrail (CoCiP),Non-CO₂ (Contrail CoCiP),CO₂,CO₂,Total (Contrail CoCiP) Conservative,Total (Contrail CoCiP) Optimistic
CFM1990,0.0,0.0,0.0,0.0,0.0,0.0,0.0,0.0
CFM2008,0.0,0.0003352377766529693,-73.42240893663471,-0.0011270578891102725,0.0,0.0,-0.0010937028789284975,-0.0010937028789284975
GTF,-15.554419254235707,-12.067218727073712,-57.86159123165534,-10.723259915806254,-15.374142278417526,-15.374142278417526,-10.935319582093214,-10.935319582093214
GTF2035,-21.745752747114206,-4.561189931753405,-59.4195591539449,-3.582805123696939,-21.875143938991876,-21.875143938991876,-4.535246379480363,-4.535246379480363
GTF2035 - 20,-20.434229557658973,-5.038129621592461,-63.224443782009,-3.9285609136803465,-23.786557144758646,-36.8769780895749,-4.907195802781195,-5.550064503588956
GTF2035 - 100,-15.43926633011529,-6.899169274738805,-71.0423959507067,-5.296087238097382,-31.39609260742866,-95.42640617382858,-6.581802027898714,-9.726308063086572
GTF2035WI,-28.459519815276774,-93.27546975855559,-65.90190798386932,-89.18418332445871,-28.614586130790908,-28.614586130790908,-86.57308975169893,-86.57308975169893
GTF2035WI - 20,-27.26067073556493,-93.30928214430863,-68.45409620805793,-89.59426610543176,-30.361580411201377,-42.322675359773434,-86.85760248553672,-87.23870105131593
GTF2035WI - 100,-22.69107774604951,-93.44095996365833,-74.96574399637925,-90.87309823271515,-37.3128090546052,-95.82085393697368,-88.05080540926271,-91.0270659544391
