engine_display,H₂O,NOx,Non-CO₂ (Contrail aCCF),CO₂,CO₂,Total (Contrail aCCF) Conservative,Total (Contrail aCCF) Optimistic
CFM1990,0.0,0.0,0.0,0.0,0.0,0.0,0.0
CFM2008,0.0,0.008508401873505822,0.008374183748456806,0.0,0.0,0.008018820708270764,0.008018820708270764
GTF,-16.084064286775565,-14.24147790569964,-14.26005496840767,-16.164175158553068,-16.164175158553068,-14.343801384436583,-14.343801384436583
GTF2035,-22.990952031027817,-7.9297615115453395,-8.256774994681379,-23.081206688759124,-23.081206688759124,-8.887549374593497,-8.887549374593497
GTF2035 - 20,-21.700909344249702,-8.391247344532687,-8.677706564594455,-24.96395861501522,-37.85214908330021,-9.370305979193997,-9.915823604161844
GTF2035 - 100,-16.787875536955614,-10.19170179820163,-10.32272954580134,-32.458749502628756,-95.4972499668419,-11.26274117058175,-13.930967718732276
GTF2035WI,-29.17034674316334,-93.61161393180315,-92.11549043087258,-29.2598609204833,-29.2598609204833,-89.45383715444939,-89.45383715444939
GTF2035WI - 20,-27.983187505057455,-93.64371740263255,-92.11931464282853,-30.990743774538736,-42.84377362382396,-89.53073834029112,-90.03245171746684
GTF2035WI - 100,-23.461132633049747,-93.76896611497175,-92.136760717233,-37.88097881253157,-95.85873192083544,-89.83899817353857,-92.29307230521962
