engine_display,H₂O,NOx,Contrail (CoCiP),Non-CO₂ (Contrail CoCiP),CO₂,CO₂,Total (Contrail CoCiP) Conservative,Total (Contrail CoCiP) Optimistic
CFM1990,0.0,0.0,0.0,0.0,0.0,0.0,0.0,0.0
CFM2008,0.0,0.004070844227032009,-61.4242523564336,-26.512407167323936,0.0,0.0,-26.44807747337988,-26.44807747337988
GTF,-15.409569174064133,-11.60941704459605,-65.55204755028457,-37.45945788914863,-15.42700156465869,-15.42700156465869,-37.47061993058409,-37.47061993058409
GTF2035,-21.604183248037753,-3.275982230389671,-67.41275877068517,-32.69213754989918,-21.62651509646353,-21.62651509646353,-33.018148131733916,-33.018148131733916
GTF2035 - 20,-20.289777088313965,-3.757004022719114,-69.00244722612523,-33.459085486014075,-23.543797905049058,-36.67591517687783,-33.8177660765176,-34.12919739930773
GTF2035 - 100,-15.283200599609378,-5.633607220181297,-73.0625789001703,-35.74485088525583,-31.176387648461095,-95.41175917656408,-36.23656479439758,-37.75989678714865
GTF2035WI,-28.248787652083145,-93.30255477099846,-72.0003209684433,-88.55592235951241,-28.269264712663855,-28.269264712663855,-87.09759641575059,-87.09759641575059
GTF2035WI - 20,-27.045301961344798,-93.33596829629944,-73.43855862420034,-88.99300938485023,-30.023573509545493,-42.04272452354596,-87.5726526712812,-87.8579432496616
GTF2035WI - 100,-22.46102768466986,-93.46635989443823,-76.6629315014838,-90.08379085569742,-37.00765124810811,-95.8005100832072,-88.81758836118325,-90.21309487191922
