engine_display,H₂O,NOx,Non-CO₂ (Contrail CoCiP),CO₂,CO₂,Total (Contrail CoCiP) Conservative,Total (Contrail CoCiP) Optimistic
CFM1990,0.0,0.0,0.0,0.0,0.0,0.0,0.0
CFM2008,0.0,0.03216190452697391,0.03162432105786736,0.0,0.0,0.030045136221782058,0.030045136221782058
GTF,-16.68439562422197,-10.11786103660883,-10.374634716812666,-16.885422044480876,-16.885422044480876,-10.73386340572841,-10.73386340572841
GTF2035,-23.352518534128702,-3.20538105002834,-3.9573733020226083,-23.57016182104006,-23.57016182104006,-5.018950414005554,-5.018950414005554
GTF2035 - 20,-22.0681180124185,-3.689392415646909,-4.377056952864917,-25.440535021300004,-38.24686872604151,-5.516537454302976,-6.20354110516106
GTF2035 - 100,-17.176466225262025,-5.5780376993653045,-6.019054029961768,-32.88636702464248,-95.52575780164283,-7.470189150651012,-10.83052049783022
GTF2035WI,-29.755888290368524,-93.19931658699683,-90.89709346126445,-29.954405849770765,-29.954405849770765,-87.63326483390207,-87.63326483390207
GTF2035WI - 20,-28.578386310839882,-93.23343937033557,-90.88721437630281,-31.668091622737528,-43.40478020561613,-87.71593481354692,-88.3455465259273
GTF2035WI - 100,-24.092605419984867,-93.36647910068919,-90.85250185551392,-38.48971885020295,-95.89931459001353,-88.0493680313314,-91.12909402068422
