engine_display,H₂O,NOx,Contrail (CoCiP),Non-CO₂ (Contrail CoCiP),CO₂,CO₂,Total (Contrail CoCiP) Conservative,Total (Contrail CoCiP) Optimistic
CFM1990,0.0,0.0,0.0,0.0,0.0,0.0,0.0,0.0
CFM2008,0.0,0.0006764876867402414,-63.261413229055506,-1.1843601427389012,0.0,0.0,-1.1062435914869948,-1.1062435914869948
GTF,-16.013346440946975,-10.976329340056672,-53.91054256022717,-14.527610537291983,-16.07874792609741,-16.07874792609741,-14.610841992013206,-14.610841992013206
GTF2035,-22.461904535139077,-3.569579929696613,-55.51606652175805,-9.667506278439106,-22.639642933057825,-22.639642933057825,-10.342607377759691,-10.342607377759691
GTF2035 - 20,-21.162379454081304,-4.051485204709163,-60.79833550078315,-9.105084603514268,-24.5323493233707,-37.49467300358854,-9.899600204599214,-10.570738799736844
GTF2035 - 100,-16.21298594226748,-5.93231183196745,-73.01619165972359,-10.458639070977691,-32.06730995484073,-95.47115399698937,-11.560548751620898,-14.843306450919854
GTF2035WI,-29.1542645017134,-93.20307706049194,-63.11498205164114,-77.36988689061555,-29.169960298530718,-29.169960298530718,-79.6844413444451,-79.6844413444451
GTF2035WI - 20,-27.965096293600677,-93.23722478153257,-68.0507852958328,-78.28442667845394,-30.90309026307875,-42.77117547949233,-76.66316517934835,-80.05557453118126
GTF2035WI - 100,-23.44028401344314,-93.37011508704443,-75.3444314927975,-82.17339219052488,-37.801104161461375,-95.85340694409742,-81.00928918737928,-82.63248845568533
