engine_display,NOx,Contrail (aCCF),Non-CO₂ (Contrail aCCF),CO₂,CO₂,Total (Contrail aCCF) Conservative,Total (Contrail aCCF) Optimistic
CFM1990,0.0,0.0,0.0,0.0,0.0,0.0,0.0
CFM2008,0.010431631361155215,0.0,0.009177493113968998,0.0,0.0,0.008744909810200645,0.008744909810200645
GTF,-11.254136494992943,17.28443248869125,-3.8800497410989454,-16.127527690849803,-16.127527690849803,-4.21972408795516,-4.21972408795516
GTF2035,-3.902880792786511,19.37506449867385,1.9989505696984295,-22.59434809609081,-22.59434809609081,1.2934788350119646,1.2934788350119646
GTF2035 - 20,-4.38277216658899,15.684788281944764,2.385042887923425,-24.488376318107438,-37.45756951624989,1.6220357339807006,1.2555790970505232
GTF2035 - 100,-6.2553856463632,23.198107047234025,4.144098844722349,-32.02844398099268,-95.46816847417641,3.16724880166643,1.3724122343727794
GTF2035WI,-93.29106439533271,14.638572366489305,-50.71377834691374,-29.126082077568494,-29.126082077568494,-50.18910974970152,-50.18910974970152
GTF2035WI - 20,-93.32466310194546,19.723748078978144,-50.41261454779921,-30.859685981473366,-42.7347041438732,-49.943242041477326,-50.21366584069425
GTF2035WI - 100,-93.45578677282361,25.151272961845706,-49.52649757730257,-37.7613632924494,-95.85046554127263,-49.24884446127392,-50.5722958901504
