engine_display,H₂O,NOx,Contrail (aCCF),Non-CO₂ (Contrail aCCF),CO₂,CO₂,Total (Contrail aCCF) Conservative,Total (Contrail aCCF) Optimistic
CFM1990,0.0,0.0,0.0,0.0,0.0,0.0,0.0,0.0
CFM2008,0.0,0.009165591141689768,-64.45613481964959,-22.54379511570769,0.0,0.0,-22.65963493542801,-22.65963493542801
GTF,-15.836853147894411,-11.903817727770996,-58.84948878806286,-29.2255601794214,-15.848485002674655,-15.848485002674655,-29.578221822989693,-29.578221822989693
GTF2035,-22.26091577166221,-4.4043578637785625,-58.52593077844346,-24.82691837477508,-22.268732234081625,-22.268732234081625,-25.508898254603295,-25.508898254603295
GTF2035 - 20,-20.958143712707386,-4.881389455550488,-59.5514345061807,-25.2032572903773,-24.170619226181213,-37.1940258031081,-25.928475354900332,-26.297080720891696
GTF2035 - 100,-15.99636915506909,-6.7427539892698505,-54.62924202855115,-25.659664764581148,-31.741924464088434,-95.44885562748394,-26.5838503518916,-28.39963891505049
GTF2035WI,-28.81018920482381,-93.32817709194387,-59.588746602731234,-79.21049108806677,-28.821952906612708,-28.821952906612708,-78.84752048885827,-78.84752048885827
GTF2035WI - 20,-27.616583617360313,-93.36157720739912,-55.65687569672683,-78.93925488994252,-30.56292953178863,-42.488627481044375,-78.73510440045817,-78.9751303646969
GTF2035WI - 100,-23.070035889637104,-93.4918936665857,-53.58151716807002,-78.30568735875357,-37.49388803032579,-95.83247049534982,-78.37579150489199,-79.33106027008355
