engine_display,H₂O,NOx,Non-CO₂ (Contrail CoCiP),CO₂,CO₂,Total (Contrail CoCiP) Conservative,Total (Contrail CoCiP) Optimistic
CFM1990,0.0,0.0,0.0,0.0,0.0,0.0,0.0
CFM2008,0.0,0.001999457361392533,0.0019450207686397402,0.0,0.0,0.0018431607337429995,0.0018431607337429995
GTF,-16.328688848874574,-8.951070670293063,-9.151297420772607,-16.486731816472062,-16.486731816472062,-9.554243672643159,-9.554243672643159
GTF2035,-23.045362830225883,-1.7915553266855837,-2.3218849455567843,-23.11725879217313,-23.11725879217313,-3.38987642007181,-3.38987642007181
GTF2035 - 20,-21.755622735029167,-2.2822536821896695,-2.7698868364836917,-24.998670478746526,-37.88089883731702,-3.908522550367715,-4.5451096031236435
GTF2035 - 100,-16.842924380929,-4.198398969004099,-4.522312573563809,-32.48841134193174,-95.49922742279544,-5.943779427372906,-9.057485913103811
GTF2035WI,-29.508048896847285,-93.0529659271086,-91.15781067069204,-29.52597483007552,-29.52597483007552,-88.1145974873297,-88.1145974873297
GTF2035WI - 20,-28.326066546073115,-93.08781569579254,-91.15316886523351,-31.250819320603675,-43.059178594096785,-88.1954152446608,-88.77895738894033
GTF2035WI - 100,-23.823189241289228,-93.22374155425457,-91.13802296227294,-38.11405548462658,-95.87427036564178,-88.52014605454448,-91.37453661607111
