engine_display,NOx,Non-CO2,CO2 Conservative,CO2 Optimistic,Total Climate Impact Conservative,Total Climate Impact Optimistic
CFM1990,0.0,0.0,0.0,0.0,0.0,0.0
CFM2000,0.2505363160857018,0.23858124237691958,0.0,0.0,0.21923216414999874,0.21923216414999874
GTF,-22.533560193586244,-22.047070066462418,-13.455445582813372,-13.455445582813372,-21.35282355184918,-21.35282355184918
GTF2035,-13.379720052336486,-13.654870339814845,-20.45451894012742,-20.45451894012742,-14.23041325095086,-14.23041325095086
GTF2035 - 20,-13.759403109622228,-14.114578978250083,-22.417026752200382,-35.714577799085724,-14.816379992930436,-15.934248961598168
GTF2035 - 100,-15.383808349631039,-16.044138937359946,-30.129275345092754,-95.3405551378209,-17.231007118795674,-22.717213724754114
GTF2035WI,-93.7310571416356,-90.56417683969367,-28.97468455119503,-28.97468455119503,-85.40419591759466,-85.40419591759466
GTF2035WI - 20,-93.73538831338696,-90.65501458221415,-30.76646546451994,-42.63280975747233,-85.63715329932697,-86.63124337384616
GTF2035WI - 100,-93.89247964865457,-91.1312594673238,-37.4105496676245,-95.82567502532315,-86.62930261316912,-91.52820879940766
