engine_display,H₂O,NOx,Contrail (aCCF),Non-CO₂ (Contrail aCCF),CO₂,CO₂,Total (Contrail aCCF) Conservative,Total (Contrail aCCF) Optimistic
CFM1990,0.0,0.0,0.0,0.0,0.0,0.0,0.0,0.0
CFM2008,0.0,0.023548206264228294,-62.62064407854072,9.86346823816065,0.0,0.0,-2.503624066016329,-2.503624066016329
GTF,-16.05935403304553,-11.12454705244062,-60.05103440048022,2.0133840192332544,-16.071760884944116,-16.071760884944116,-10.685020167861847,-10.685020167861847
GTF2035,-22.440716368259825,-3.337045731264211,-57.77950261328375,9.572581734086105,-22.456775920867308,-22.456775920867308,-4.914602428148992,-4.914602428148992
GTF2035 - 20,-21.14056692624948,-3.8186094351886344,-57.82452372217017,9.029994822724445,-24.35396484027198,-37.346927839306865,-5.476224221226715,-6.229242305466439
GTF2035 - 100,-16.188729800020838,-5.697681684144391,-49.918957477252704,8.04543598276145,-31.906709931247974,-95.46044732874986,-6.561613628615875,-10.244883588542331
GTF2035WI,-28.976147920382072,-93.26871715661022,-56.43996406084999,-74.54736450749678,-28.99264007491161,-28.99264007491161,-78.85636684774006,-78.85636684774006
GTF2035WI - 20,-27.784993403811953,-93.30235041570619,-52.754568946622896,-73.73715050528448,-30.729360251502907,-42.627285334704766,-78.39108458725406,-78.28309115748937
GTF2035WI - 100,-23.247959529066282,-93.43361284706295,-48.28633320270656,-72.6557328938771,-37.64362715711662,-95.84290847714111,-77.58814292990385,-76.10097741471705
