engine_display,NOx,Contrail (aCCF),Non-CO₂ (Contrail aCCF),CO₂,CO₂,Total (Contrail aCCF) Conservative,Total (Contrail aCCF) Optimistic
CFM1990,0.0,0.0,0.0,0.0,0.0,0.0,0.0
CFM2008,0.010431631361155215,0.0,0.009177493113968998,0.0,0.0,0.008744909810200645,0.008744909810200645
GTF,-11.254136494992943,8.179732528955828,-6.592969947373778,-16.127527690849803,-16.127527690849803,-6.869289908014924,-6.869289908014924
GTF2035,-3.902880792786511,7.538953034821707,-1.837602975155437,-22.59434809609081,-22.59434809609081,-2.4541145363217307,-2.4541145363217307
GTF2035 - 20,-4.38277216658899,-2.4906929260367545,-4.202860884073737,-24.488376318107438,-37.45756951624989,-4.8158109047726185,-5.177474695545495
GTF2035 - 100,-6.2553856463632,-14.316172128686745,-11.559539607201511,-32.02844398099268,-95.46816847417641,-12.18764602356975,-13.924834035610493
GTF2035WI,-93.29106439533271,-6.096838437614848,-58.35384343521539,-29.126082077568494,-29.126082077568494,-57.69693250645971,-57.69693250645971
GTF2035WI - 20,-93.32466310194546,-8.976185806959542,-60.60008361328171,-30.859685981473366,-42.7347041438732,-59.95184043391472,-60.21607556923413
GTF2035WI - 100,-93.45578677282361,-24.039480878525772,-67.42003223978492,-37.7613632924494,-95.85046554127263,-66.81031592584891,-68.09337802648294
