engine_display,NOx,Contrail (aCCF),Non-CO₂ (Contrail aCCF),CO₂,CO₂,Total (Contrail aCCF) Conservative,Total (Contrail aCCF) Optimistic
CFM1990,0.0,0.0,0.0,0.0,0.0,0.0,0.0
CFM2008,0.002482341093275924,0.0,0.0015915777367254181,0.0,0.0,0.0014301475572196575,0.0014301475572196575
GTF,-13.661623948226312,29.655757458284427,-7.227342359742128,-16.14894372725331,-16.14894372725331,-7.69283149699658,-7.69283149699658
GTF2035,-6.276409481016823,29.499285751275934,2.6036320471448886,-22.53503775088008,-22.53503775088008,0.3950467290655129,0.3950467290655129
GTF2035 - 20,-6.7441650903378285,25.336208544723455,3.6431711510621274,-24.430489913133403,-37.40962629255246,1.1088560038450086,0.6053236803245837
GTF2035 - 100,-8.56914301623763,23.16786645715564,1.101812145110457,-31.97595669916879,-95.46467068082127,-1.4853918121192367,-3.5211203992221574
GTF2035WI,-93.4183650713658,19.975884405321402,-46.0774867876362,-28.976689318501357,-28.976689318501357,-46.33494308498947,-46.33494308498947
GTF2035WI - 20,-93.45129801710877,33.0538024530729,-47.522252612416885,-30.713720123745382,-42.61380103526183,-47.94855477951058,-48.246485964542515
GTF2035WI - 100,-93.5798328718052,12.11352540993151,-52.63400918008783,-37.62972301786003,-95.84168575391925,-53.61995195324836,-54.86392522151561
