engine_display,H₂O,NOx,Contrail (CoCiP),Non-CO₂ (Contrail CoCiP),CO₂,CO₂,Total (Contrail CoCiP) Conservative,Total (Contrail CoCiP) Optimistic
CFM1990,0.0,0.0,0.0,0.0,0.0,0.0,0.0,0.0
CFM2008,0.0,0.0008285108808888312,-71.77438759744736,6.298457021420923,0.0,0.0,5.978819256521919,5.978819256521919
GTF,-15.877573992639055,-10.976329340056672,-69.7229987161591,-7.882235563253244,-16.02433789184473,-16.02433789184473,-8.345627660268626,-8.345627660268626
GTF2035,-22.038641387690284,-3.569579929696613,-71.26894500213,-0.5847086427132056,-22.038571695125615,-22.038571695125615,-1.7465880083867589,-1.7465880083867589
GTF2035 - 20,-20.731204768711404,-4.051485204709163,-69.52177587227598,-0.8636298354987972,-23.945476343047442,-37.00860132636562,-2.1064641308666108,-2.758155350983691
GTF2035 - 100,-15.752585665374003,-5.93231183196745,-73.01619165972359,-2.299840360388629,-31.538149825820483,-95.43587665505471,-3.8484945931267904,-7.036107646027953
GTF2035WI,-28.61834756947854,-93.27205440576859,-71.51164187171013,-89.10037055551629,-28.61894804347339,-28.61894804347339,-88.04097712805935,-88.04097712805935
GTF2035WI - 20,-27.421234291210073,-93.30576134168402,-73.79269409835702,-89.9803854734571,-30.364873907300993,-42.325403164982966,-86.47256183555042,-87.18209984789591
GTF2035WI - 100,-22.860253037547725,-93.43728946398453,-78.62298606269096,-90.5877989753169,-37.31463172103881,-95.82097544806925,-87.6706814833026,-90.87323790572029
