engine_display,NOx,Contrail,Non-CO2,CO2 Conservative,CO2 Optimistic,Total Climate Impact Conservative,Total Climate Impact Optimistic
CFM1990,0.0,0.0,0.0,0.0,0.0,0.0,0.0
CFM2000,0.26930795056511814,-61.64533507363864,-24.15924035084041,0.0,0.0,-23.536699684605452,-23.536699684605452
GTF,-21.121189156182783,-34.81594665308652,-37.83135454818922,-15.920894544083078,-15.920894544083078,-37.22308261373885,-37.22308261373885
GTF2035,-12.47153613809551,-36.24934595376701,-33.04371802576948,-22.402050827957787,-22.402050827957787,-33.11640753088796,-33.11640753088796
GTF2035 - 20,-12.925127784680319,-39.4697689850437,-34.2035108194683,-24.33603793727105,-37.306084170565285,-34.32514677248359,-35.02711316395593
GTF2035 - 100,-14.623047217547553,-48.137873961251174,-37.646529885733855,-31.858983303245736,-95.45673402301931,-38.00507707834927,-41.443581902656746
GTF2035WI,-93.76223186034571,-42.134555335833475,-84.29594090277325,-29.233127758995536,-29.233127758995536,-80.86099734788617,-80.86099734788617
GTF2035WI - 20,-93.80951235854778,-45.037771473325705,-85.12148635855134,-31.007793690936502,-42.834123154696414,-81.77250281815556,-82.49866909673199
GTF2035WI - 100,-93.9296660960608,-46.665368540297955,-87.20072038597341,-37.86606807317391,-95.85722926698953,-84.1824262049579,-87.75925379198577
