engine_display,NOx,Contrail (aCCF),Non-CO₂ (Contrail aCCF),CO₂,CO₂,Total (Contrail aCCF) Conservative,Total (Contrail aCCF) Optimistic
CFM1990,0.0,0.0,0.0,0.0,0.0,0.0,0.0
CFM2008,0.000619319992895882,-64.77212769289024,-24.290458765293586,0.0,0.0,-23.76909314426012,-23.76909314426012
GTF,-11.515469763852565,-66.64159676207638,-31.41003784218605,-15.025415027091729,-15.025415027091729,-31.09254916628677,-31.09254916628677
GTF2035,-4.078400306055875,-67.38020973626124,-26.998556335858627,-21.447043752671963,-21.447043752671963,-27.04991659590007,-27.04991659590007
GTF2035 - 20,-4.557776458976581,-67.52879165692822,-27.459825017078305,-23.36927130953373,-36.53082364524008,-27.55638026786904,-27.97685389585319
GTF2035 - 100,-6.4283351448465185,-66.46739887023317,-28.629221738767196,-31.021469429652555,-95.401117401814,-28.923620465491307,-30.991614173610042
GTF2035WI,-93.34074879364061,-67.00199444170414,-84.41572678207142,-28.1501723342403,-28.1501723342403,-82.22130480060432,-82.22130480060432
GTF2035WI - 20,-93.37415459734468,-66.49552852535248,-84.50919174079428,-29.908010401377283,-41.94662557633168,-82.37288439382874,-82.81384498126339
GTF2035WI - 100,-93.50438327953167,-65.80673165837324,-84.68946939191109,-36.90498762330224,-95.79344980123486,-82.79961829656787,-84.96685672093658
