engine_display,H₂O,NOx,Contrail (CoCiP),Non-CO₂ (Contrail CoCiP),CO₂,CO₂,Total (Contrail CoCiP) Conservative,Total (Contrail CoCiP) Optimistic
CFM1990,0.0,0.0,0.0,0.0,0.0,0.0,0.0,0.0
CFM2008,0.0,0.004070751578608518,-67.21243543506509,-36.99419706786128,0.0,0.0,-36.79687589070751,-36.79687589070751
GTF,-15.41882571654209,-11.920117316767364,-71.22890014423633,-45.83517143190539,-15.435886856293562,-15.435886856293562,-45.72351072426265,-45.72351072426265
GTF2035,-21.623129027033976,-3.462853147742511,-72.8832513046654,-42.61357643859518,-21.645178925049535,-21.645178925049535,-42.7062402004733,-42.7062402004733
GTF2035 - 20,-20.309239770656117,-3.9423824252029047,-74.31486570780521,-43.562674570619784,-23.561773816416984,-36.68924792446829,-43.67390051762589,-43.89904950447486
GTF2035 - 100,-15.304675023507208,-5.813173000649018,-77.81171506967723,-46.07453382269311,-31.19168451011104,-95.41186959444055,-46.271869789344514,-47.37057378122702
GTF2035WI,-28.263407541225703,-93.30475355476881,-76.6368188331821,-89.19503722507423,-28.283668162598914,-28.283668162598914,-87.69739297871642,-87.69739297871642
GTF2035WI - 20,-27.060321957923016,-93.33814488191602,-77.90588920075139,-89.59224418989267,-30.0374346398532,-42.05296397232707,-88.14389509328275,-88.42951082313574
GTF2035WI - 100,-22.477603701526963,-93.46845096085231,-80.54347250905158,-90.60697574181795,-37.01940618290568,-95.80059227220889,-89.3339290470796,-90.72468880831698
