engine_display,NOx,Contrail (aCCF),Non-CO₂ (Contrail aCCF),CO₂,CO₂,Total (Contrail aCCF) Conservative,Total (Contrail aCCF) Optimistic
CFM1990,0.0,0.0,0.0,0.0,0.0,0.0,0.0
CFM2008,0.003802720730297383,-65.13943212512766,-34.4592585937018,0.0,0.0,-33.88551900955584,-33.88551900955584
GTF,-12.050026826389901,-53.14397097217309,-38.33610300737926,-15.74868439642308,-15.74868439642308,-38.00568707309855,-38.00568707309855
GTF2035,-4.521074447303494,-51.172585147000845,-34.095137932545924,-22.15479776379161,-22.15479776379161,-34.017022067764984,-34.017022067764984
GTF2035 - 20,-4.9975213335325135,-52.58244029548052,-34.92172882274557,-24.059507498173236,-37.1021572956827,-34.871758770193516,-35.15097121331679
GTF2035 - 100,-6.856634072361809,-46.6411241177499,-35.13816418245768,-31.642046820427876,-95.44228666962377,-35.245968989247096,-36.605859294112015
GTF2035WI,-93.33715321692925,-52.56322263452865,-76.00023068326972,-28.72166657200787,-28.72166657200787,-74.74722165583599,-74.74722165583599
GTF2035WI - 20,-93.3705049967361,-46.88055529419528,-75.82654205003485,-30.465096673480936,-42.40773202039379,-74.63022219181057,-74.92456410724131
GTF2035WI - 100,-93.50064914655314,-46.04502848995605,-74.774414755538,-37.40595668831125,-95.82668175667798,-73.76838881747462,-75.214288415788
