engine_display,H₂O,NOx,Contrail (CoCiP),Non-CO₂ (Contrail CoCiP),CO₂,CO₂,Total (Contrail CoCiP) Conservative,Total (Contrail CoCiP) Optimistic
CFM1990,0.0,0.0,0.0,0.0,0.0,0.0,0.0,0.0
CFM2008,0.0,0.0006367977529599474,-69.39128311105745,8.005180103455482,0.0,0.0,9.125701937476165,9.125701937476165
GTF,-15.154936696950577,-11.425632736100637,-52.03631337875896,-4.334533369463572,-15.13546326890633,-15.13546326890633,-3.3601477575657492,-3.3601477575657492
GTF2035,-21.584808066096276,-4.060392873266699,-50.975442452389466,1.2288797835231202,-21.56351039830815,-21.56351039830815,1.598197763850655,1.598197763850655
GTF2035 - 20,-20.270799476244285,-4.53971186029702,-52.784729072537615,0.46789812349861926,-23.482892864781057,-36.624990847249954,0.7504507369050984,0.08927689409934868
GTF2035 - 100,-15.266262594230753,-6.410067436429466,-58.07603275229685,-1.8162821400774398,-31.12375282562866,-95.40797158709434,-1.8348690310679032,-5.032606988103913
GTF2035WI,-28.251676068219243,-93.32965291010244,-54.23231173484094,-87.05226013202048,-28.229735178652387,-28.229735178652387,-86.74475555963778,-86.74475555963778
GTF2035WI - 20,-27.04898056216112,-93.36310272080252,-57.62180682123908,-87.19271061401496,-29.985652852751834,-42.01094596706924,-86.56135565461464,-86.63325036604039
GTF2035WI - 100,-22.46699932508001,-93.49349773134213,-61.775902699232844,-91.13331327963586,-36.97484088782976,-95.79811421836649,-88.90419650144783,-91.53936654268952
