engine_display,NOx,Non-CO2,CO2 Conservative,CO2 Optimistic,Total Climate Impact Conservative,Total Climate Impact Optimistic
CFM1990,0.0,0.0,0.0,0.0,0.0,0.0
CFM2000,0.11628242675543353,0.10895840946518916,0.0,0.0,0.10007521515903199,0.10007521515903199
GTF,-17.425915086977824,-17.041843630251734,-10.545296258205124,-10.545296258205124,-16.53477907597768,-16.53477907597768
GTF2035,-5.854099403864922,-6.2805636390135176,-17.733209368360427,-17.733209368360427,-7.091639399991349,-7.091639399991349
GTF2035 - 20,-6.274451801133322,-6.7744815975639545,-19.763012611279425,-33.51427646235972,-7.699900252289038,-8.72426190606388
GTF2035 - 100,-7.993776603081712,-8.77829127435153,-27.721539361906444,-95.17931547794693,-10.146939299135664,-15.172300927404866
GTF2035WI,-93.36769921594825,-90.46359899820433,-26.516480653202517,-26.516480653202517,-85.7418486655001,-85.7418486655001
GTF2035WI - 20,-93.41181049153045,-90.58664201667091,-28.44603840863928,-40.708920940254124,-85.9978885031601,-86.90488771527326
GTF2035WI - 100,-93.5803270667672,-91.05027855075916,-35.40188851375728,-95.6912352188011,-86.94039832552865,-91.3992066089954
