engine_display,H₂O,NOx,Non-CO₂ (Contrail aCCF),CO₂,CO₂,Total (Contrail aCCF) Conservative,Total (Contrail aCCF) Optimistic
CFM1990,0.0,0.0,0.0,0.0,0.0,0.0,0.0
CFM2008,0.0,0.0004891143474882316,0.000469830759153296,0.0,0.0,0.0004506803526270534,0.0004506803526270534
GTF,-16.044966133344914,-13.753491359537017,-13.789490858685177,-16.182326993067043,-16.182326993067043,-13.89085363823986,-13.89085363823986
GTF2035,-22.40945540040639,-7.2463044647902155,-7.741344425530068,-22.966339392832122,-22.966339392832122,-8.429827031924445,-8.429827031924445
GTF2035 - 20,-21.109407527525317,-7.7108265976670145,-8.147208847573653,-24.851405448143264,-37.75892804837018,-8.903624178599328,-9.495699624730547
GTF2035 - 100,-16.15775371484032,-9.522656244996334,-9.73421880657446,-32.355045440016575,-95.49033636266778,-10.762361675080998,-13.658352874686008
GTF2035WI,-28.83268630954697,-93.52748022193205,-91.3533605293671,-29.35772255134081,-29.35772255134081,-88.59406705143802,-88.59406705143802
GTF2035WI - 20,-27.639809132533976,-93.5599135003236,-91.34523270348214,-31.08627668524343,-42.92289780178601,-88.65284165917379,-89.14605835140677
GTF2035WI - 100,-23.095490078469165,-93.6866936926219,-91.31708430672694,-37.96704105544244,-95.86446940369616,-88.89206138475728,-91.5257521608886
