engine_display,H₂O,NOx,Contrail (CoCiP),Non-CO₂ (Contrail CoCiP),CO₂,CO₂,Total (Contrail CoCiP) Conservative,Total (Contrail CoCiP) Optimistic
CFM1990,0.0,0.0,0.0,0.0,0.0,0.0,0.0,0.0
CFM2008,0.0,0.002724882159640983,-31.43257788143851,125.33607901740815,0.0,0.0,30.608530298282687,30.608530298282687
GTF,-15.546177883361025,-11.73069430808575,31.091200943960214,111.23558745477328,-15.558988164780017,-15.558988164780017,16.043666646645853,16.043666646645853
GTF2035,-21.895930563828724,-4.080235414072979,33.33423121990563,131.80200981296557,-21.910188928398423,-21.910188928398423,24.911668468202645,24.911668468202645
GTF2035 - 20,-20.586852442941726,-4.558890569577853,26.3574653780678,137.28269637348112,-23.8209449691658,-36.90545946126188,25.694033190947756,24.823771795098708
GTF2035 - 100,-15.600888339177724,-6.426489832816696,8.04138554478019,145.34337080597953,-31.427457041444885,-95.42849713609633,24.95207089928123,20.69534295362672
GTF2035WI,-28.50234476909416,-93.31788666353494,22.21786724863472,-76.81609833333944,-28.516225769197906,-28.516225769197906,-83.97095421284742,-83.97095421284742
GTF2035WI - 20,-27.30349122459624,-93.3513298636959,16.01486623397949,-82.0290248983722,-30.26480661558072,-42.24252343128857,-83.80150851297017,-84.32402233512025
GTF2035WI - 100,-22.73663485617147,-93.48178670406084,-11.566572378643288,-81.5825534897242,-37.225759483125216,-95.81505063220834,-83.99872821514505,-87.23475194835457
