engine_display,H₂O,NOx,Contrail (aCCF),Non-CO₂ (Contrail aCCF),CO₂,CO₂,Total (Contrail aCCF) Conservative,Total (Contrail aCCF) Optimistic
CFM1990,0.0,0.0,0.0,0.0,0.0,0.0,0.0,0.0
CFM2008,0.0,0.002427079607871266,-68.77015668991511,-19.172538451794306,0.0,0.0,-18.71885907013934,-18.71885907013934
GTF,-16.236554599575598,-9.392869473361994,-64.89444997808586,-28.445035015941734,-16.21803650633176,-16.21803650633176,-28.178078571658826,-28.178078571658826
GTF2035,-22.887361609890394,-2.3555012924057395,-66.09678071438078,-23.0925223852606,-22.89130959477087,-22.89130959477087,-23.097271587277234,-23.097271587277234
GTF2035 - 20,-21.595375640239684,-2.8434336042115596,-68.3514191389604,-23.628239332812516,-24.778516699967618,-37.69855867158117,-23.6697511608288,-23.983846926173197
GTF2035 - 100,-16.67449489476401,-4.748306885128549,-67.74822058504442,-25.455413208380094,-32.29084712265232,-95.4860564748435,-25.644840442433352,-27.181232305568216
GTF2035WI,-29.293539749887117,-93.20744365385582,-68.32031562175203,-75.29468953020685,-29.298056706619878,-29.298056706619878,-75.58649790012923,-75.58649790012923
GTF2035WI - 20,-28.108063843259846,-93.24145923729323,-67.75308713068048,-75.3839794410405,-31.02766799551725,-42.874355740607214,-75.70582986057417,-75.04854180471887
GTF2035WI - 100,-23.592743481211485,-93.3742430531895,-63.3804038968506,-75.96544193807362,-37.91330002833306,-95.86088666855555,-75.65082179570656,-76.25562915258644
