engine_display,NOx,Non-CO2,CO2 Conservative,CO2 Optimistic,Total Climate Impact Conservative,Total Climate Impact Optimistic
CFM1990,0.0,0.0,0.0,0.0,0.0,0.0
CFM2008,0.25064510152442326,0.24670184519244784,0.0,0.0,0.23973616177340792,0.23973616177340792
GTF,-22.224408172654975,-22.12768391481256,-16.992025273557022,-16.992025273557022,-21.98681328850306,-21.98681328850306
GTF2035,-17.265724763515333,-17.363932278475477,-24.16388637922515,-24.16388637922515,-17.571662868456155,-17.571662868456155
GTF2035 - 20,-17.394356741624748,-17.469832857202544,-25.933785658041053,-38.6538366173476,-17.726060261170517,-18.0976619935403
GTF2035 - 100,-19.29741195793474,-19.26263986036046,-33.40879794548313,-95.55971712191646,-19.684872710772613,-21.500748030172034
GTF2035WI,-93.89737400481269,-92.86367583590064,-30.550085817299504,-30.550085817299504,-91.04160863083159,-91.04160863083159
GTF2035WI - 20,-93.95682775919603,-92.90172018997265,-32.117543163711005,-43.77591080984751,-91.1249617727077,-91.46580309831633
GTF2035WI - 100,-94.02781877026337,-92.90011627850885,-38.94921137547217,-95.92924286231074,-91.32300739505183,-92.98963068885995
