engine_display,H₂O,NOx,Contrail (aCCF),Non-CO₂ (Contrail aCCF),CO₂,CO₂,Total (Contrail aCCF) Conservative,Total (Contrail aCCF) Optimistic
CFM1990,0.0,0.0,0.0,0.0,0.0,0.0,0.0,0.0
CFM2008,0.0,0.010433301493157103,-66.17450093281548,-26.76505344900937,0.0,0.0,-26.22819077507049,-26.22819077507049
GTF,-16.062530360146106,-11.127750457736383,-56.79404091329682,-33.035889150579436,-16.11833972390904,-16.11833972390904,-32.77782118487789,-32.77782118487789
GTF2035,-22.522545938636213,-3.792572026810015,-51.10734746180575,-28.118150000789594,-22.586214378385588,-22.586214378385588,-28.231128163641777,-28.231128163641777
GTF2035 - 20,-21.224104590664044,-4.273307961771876,-51.36679422348467,-28.193376931840252,-24.48055147004386,-37.451771949549126,-28.370122589353418,-28.74053676574224
GTF2035 - 100,-16.27895556205242,-6.149202326683072,-31.728795113250868,-26.844591274705703,-32.02181548983516,-95.46812103265569,-27.322181974979365,-29.133988087085168
GTF2035WI,-29.051841106112665,-93.29009103775829,-43.72846146566243,-78.8482948303497,-29.120065520363227,-29.120065520363227,-77.42420381895634,-77.42420381895634
GTF2035WI - 20,-27.862329761199344,-93.32369924350155,-38.498048939367756,-78.35101948669121,-30.85390132450278,-42.730435233006176,-77.00100447651738,-77.34034642707695
GTF2035WI - 100,-23.331150242758476,-93.45485969373838,-23.75846833248458,-77.20037958178231,-37.756474390007554,-95.8504316260005,-76.10413995666447,-77.76402212470683
