engine_display,NOx,Contrail (aCCF),Non-CO₂ (Contrail aCCF),CO₂,CO₂,Total (Contrail aCCF) Conservative,Total (Contrail aCCF) Optimistic
CFM1990,0.0,0.0,0.0,0.0,0.0,0.0,0.0
CFM2008,0.000619319992895882,0.0,0.0003759401767227119,0.0,0.0,0.00036075452475938365,0.00036075452475938365
GTF,-11.515469763852565,-4.84840392169636,-7.831730669771049,-15.025415027091729,-15.025415027091729,-8.010850491141715,-8.010850491141715
GTF2035,-4.078400306055875,-7.111015779025029,-2.6427388242698235,-21.447043752671963,-21.447043752671963,-3.240781233846024,-3.240781233846024
GTF2035 - 20,-4.557776458976581,-2.9978203295609287,-2.740382733683364,-23.36927130953373,-36.53082364524008,-3.3925654898885096,-3.86156417514349
GTF2035 - 100,-6.4283351448465185,6.4421026767797125,-4.116044107848057,-31.021469429652555,-95.401117401814,-4.965338530290892,-7.2864425517020255
GTF2035WI,-93.34074879364061,2.9693179568717567,-66.62497426057102,-28.1501723342403,-28.1501723342403,-65.17809413631444,-65.17809413631444
GTF2035WI - 20,-93.37415459734468,6.169857775287944,-66.49967545717944,-29.908010401377283,-41.94662557633168,-65.58538281728225,-66.09248677204276
GTF2035WI - 100,-93.50438327953167,9.650732380491025,-65.78802123800894,-36.90498762330224,-95.79344980123486,-65.61851145262708,-66.59768754201073
