engine_display,H₂O,NOx,Non-CO₂ (Contrail CoCiP),CO₂,CO₂,Total (Contrail CoCiP) Conservative,Total (Contrail CoCiP) Optimistic
CFM1990,0.0,0.0,0.0,0.0,0.0,0.0,0.0
CFM2008,0.0,0.00018524468376536927,0.00018243620578442773,0.0,0.0,0.0001766452690071048,0.0001766452690071048
GTF,-15.725810199597252,-12.145717013712531,-12.262184641735537,-16.106471563136054,-16.106471563136054,-12.398291822685776,-12.398291822685776
GTF2035,-21.40101507494611,-4.891091322191107,-5.644032609494447,-21.495029364235393,-21.495029364235393,-6.468176465484872,-6.468176465484872
GTF2035 - 20,-20.08220674045138,-5.366712939603076,-6.043457550121638,-23.414619203266156,-36.56892420891317,-6.93913070556693,-7.5602010524037855
GTF2035 - 100,-15.060190405575838,-7.222401005428225,-7.607038198544791,-31.058153712896353,-95.40387691419309,-8.788727904768018,-11.826567275349175
GTF2035WI,-28.115922914229426,-93.39630704256048,-91.18598155162023,-28.159051531534484,-28.159051531534484,-87.83303173978958,-87.83303173978958
GTF2035WI - 20,-26.910542369170408,-93.42946406996886,-91.17743360859669,-29.915732862815435,-41.953406586298264,-87.90902170929046,-88.51848770278463
GTF2035WI - 100,-22.317637859974866,-93.55878933672581,-91.14774959507493,-36.9085736192756,-95.7939049079517,-88.21868404190091,-91.39234131207613
