engine_display,NOx,Non-CO₂ (Contrail CoCiP),CO2 Conservative,CO2 Optimistic,Total (Contrail CoCiP) Conservative,Total (Contrail CoCiP) Optimistic
CFM1990,0.0,0.0,0.0,0.0,0.0,0.0
CFM2008,0.026062108995344686,0.02562766884515265,0.0,0.0,0.024364110806704253,0.024364110806704253
GTF,-13.291543388584302,-13.418856445047506,-16.607864570290253,-16.607864570290253,-13.596413324917533,-13.596413324917533
GTF2035,-6.143798818705634,-6.676721292022279,-23.120081008003243,-23.120081008003243,-7.458539592235127,-7.458539592235127
GTF2035 - 20,-6.612678084886745,-7.093120629230971,-25.00124736924365,-37.88203884148151,-7.9420319889967645,-8.532080168090683
GTF2035 - 100,-8.442169948749465,-8.72146785812458,-32.490042730669714,-95.49876509123123,-9.838793803424933,-12.726457111324077
GTF2035WI,-93.44594750252392,-91.53626632654593,-29.51257843978974,-29.51257843978974,-88.70120616463694,-88.70120616463694
GTF2035WI - 20,-93.47877337792076,-91.53293825816074,-31.23656543496679,-43.04658741196648,-88.77720613064358,-89.31822393963984
GTF2035WI - 100,-93.60691471329818,-91.52336473099926,-38.100656171740084,-95.87294001147835,-89.0832555621834,-91.73190845641338
