engine_display,H₂O,NOx,Contrail (aCCF),Non-CO₂ (Contrail aCCF),CO₂,CO₂,Total (Contrail aCCF) Conservative,Total (Contrail aCCF) Optimistic
CFM1990,0.0,0.0,0.0,0.0,0.0,0.0,0.0,0.0
CFM2008,0.0,0.0001966483087788477,-67.38064483148743,-17.473901349446404,0.0,0.0,-16.774788295519695,-16.774788295519695
GTF,-15.397566763305234,-11.68092926910183,-67.64830370908524,-24.332682873178417,-15.344674519525375,-15.344674519525375,-23.975439733585198,-23.975439733585198
GTF2035,-21.66945023245381,-4.244986834896037,-68.06488063494504,-18.669973989008263,-21.620261648006156,-21.620261648006156,-18.788012003187017,-18.788012003187017
GTF2035 - 20,-20.356770044412524,-4.7243104715763025,-69.35349333971324,-19.015742817403503,-23.537797482399487,-36.67094538682255,-19.196665633873945,-19.722109549088866
GTF2035 - 100,-15.357285562794761,-6.594202047083547,-69.35727905742745,-20.366607843267566,-31.171672429321063,-95.4114448286214,-20.79890750832606,-23.369075587422717
GTF2035WI,-28.44418086387251,-93.35629157366358,-69.35727905742745,-86.41845142796804,-28.4806121870666,-28.4806121870666,-84.10041729697507,-84.10041729697507
GTF2035WI - 20,-27.245969450058084,-93.3896165446237,-69.35727905742745,-86.42864451077483,-30.22994106838734,-42.21364639048113,-84.18019143755355,-84.65964732193461
GTF2035WI - 100,-22.676704874447758,-93.51955320187777,-69.35727905742745,-86.46974251349421,-37.193359567767125,-95.81289063785114,-84.49824445597882,-86.84355238502101
