engine_display,NOx,Contrail (aCCF),Non-CO₂ (Contrail aCCF),CO₂,CO₂,Total (Contrail aCCF) Conservative,Total (Contrail aCCF) Optimistic
CFM1990,0.0,0.0,0.0,0.0,0.0,0.0,0.0
CFM2008,0.009165591141689768,0.0,0.009136145770842447,0.0,0.0,0.00845896800235595,0.00845896800235595
GTF,-11.903817727770996,6.522595247392797,-6.59569766006639,-15.848485002674655,-15.848485002674655,-7.238143002931041,-7.238143002931041
GTF2035,-4.4043578637785625,5.449821640100146,-0.3305590721879678,-22.268732234081625,-22.268732234081625,-1.7753672640600169,-1.7753672640600169
GTF2035 - 20,-4.881389455550488,0.26692278519222007,-1.5769892008871345,-24.170619226181213,-37.1940258031081,-3.1164265507715045,-3.5773076535728263
GTF2035 - 100,-6.7427539892698505,-8.803693423585742,-7.212739389367527,-31.741924464088434,-95.44885562748394,-8.764666056876308,-10.816434951507565
GTF2035WI,-93.32817709194387,-2.081776567818382,-57.08232318343861,-28.821952906612708,-28.821952906612708,-57.03259764090141,-57.03259764090141
GTF2035WI - 20,-93.36157720739912,-1.9895210933849876,-58.8120766580936,-30.56292953178863,-42.488627481044375,-58.808384159534675,-59.06850283293304
GTF2035WI - 100,-93.4918936665857,-18.504751036880997,-64.88820434064651,-37.49388803032579,-95.83247049534982,-65.24621395456342,-66.28007323608726
