engine_display,NOx,Contrail (aCCF),Non-CO₂ (Contrail aCCF),CO₂,CO₂,Total (Contrail aCCF) Conservative,Total (Contrail aCCF) Optimistic
CFM1990,0.0,0.0,0.0,0.0,0.0,0.0,0.0
CFM2008,0.002482341093275924,-62.48943322372076,-17.410815391247976,0.0,0.0,-18.136896860288708,-18.136896860288708
GTF,-13.661623948226312,-39.66035201093655,-23.637537671524548,-16.14894372725331,-16.14894372725331,-24.6409238653717,-24.6409238653717
GTF2035,-6.276409481016823,-38.98890880742813,-18.545611387857523,-22.53503775088008,-22.53503775088008,-19.8538737957307,-19.8538737957307
GTF2035 - 20,-6.7441650903378285,-41.601690337955446,-19.425168373247697,-24.430489913133403,-37.40962629255246,-20.755390456124545,-21.092623455175257
GTF2035 - 100,-8.56914301623763,-31.06768540598841,-20.68994204427967,-31.97595669916879,-95.46467068082127,-22.17992240605828,-23.84586727135488
GTF2035WI,-93.4183650713658,-42.9439228594958,-71.95383807704094,-28.976689318501357,-28.976689318501357,-72.87607810351747,-72.87607810351747
GTF2035WI - 20,-93.45129801710877,-30.441687889214275,-72.08067296457303,-30.713720123745382,-42.61380103526183,-73.02022842353699,-73.16032718889618
GTF2035WI - 100,-93.5798328718052,-29.495580973482195,-70.9390856232543,-37.62972301786003,-95.84168575391925,-72.01958158247527,-72.78768788273968
