engine_display,NOx,Contrail (aCCF),Non-CO₂ (Contrail aCCF),CO₂,CO₂,Total (Contrail aCCF) Conservative,Total (Contrail aCCF) Optimistic
CFM1990,0.0,0.0,0.0,0.0,0.0,0.0,0.0
CFM2008,0.023526411340528772,0.0,0.026121394949771157,0.0,0.0,0.023905221340478944,0.023905221340478944
GTF,-11.35699399633634,2.8786542127593906,-3.2898865094541256,-16.08558845773565,-16.08558845773565,-5.139877959307812,-5.139877959307812
GTF2035,-3.4877164267603717,4.685043956005041,3.159242237535207,-22.480074657934313,-22.480074657934313,0.3847633710713654,0.3847633710713654
GTF2035 - 20,-3.968086845911483,-0.45172969604858426,1.7492332169250053,-24.376395653721303,-37.363553078164166,-1.1443279443165804,-1.690374637663015
GTF2035 - 100,-5.842510855110923,-13.812148739891281,-3.476810966944072,-31.925770099176106,-95.46058415520821,-6.332632641366801,-8.603211761755201
GTF2035WI,-93.27063556151107,-2.7124958280332385,-49.50148910865737,-29.010946887983412,-29.010946887983412,-52.66471728657016,-52.66471728657016
GTF2035WI - 20,-93.3042495964548,-6.260530080294774,-50.82788408091036,-30.746972009384464,-42.64028626910195,-54.1766039550602,-54.08013440287051
GTF2035WI - 100,-93.4354382058754,-23.03911985781829,-59.36368321812462,-37.658548949135664,-95.84301225013073,-63.18147892734402,-62.212424722156904
