engine_display,NOx,Non-CO2,CO2 Conservative,CO2 Optimistic,Total Climate Impact Conservative,Total Climate Impact Optimistic
CFM1990,0.0,0.0,0.0,0.0,0.0,0.0
CFM2000,0.2552619652447126,0.24315563881448277,0.0,0.0,0.22392764102892107,0.22392764102892107
GTF,-22.47193007418702,-22.20092393617326,-17.10581272657743,-17.10581272657743,-21.80151072956206,-21.80151072956206
GTF2035,-15.94005322060925,-16.30605007290267,-24.27016291022976,-24.27016291022976,-16.976459157295338,-16.976459157295338
GTF2035 - 20,-15.79577796413946,-16.261773981750256,-25.973404414539015,-38.66199270628552,-17.077118463755024,-18.133999255292533
GTF2035 - 100,-17.997388599966094,-18.71444781701857,-33.49650322406701,-95.56551649189409,-19.9515166140628,-25.124778704154537
GTF2035WI,-93.73773723529972,-90.68546583508564,-30.473663879410818,-30.473663879410818,-85.6879993014621,-85.6879993014621
GTF2035WI - 20,-93.85177784765622,-90.87093771302133,-32.07528621646129,-43.71846948029306,-85.99300940097214,-86.95929052542132
GTF2035WI - 100,-93.85422674600906,-91.19933700374132,-38.82152623676022,-95.9208430805384,-86.85221028961098,-91.59623306568965
