engine_display,H₂O,NOx,Non-CO₂ (Contrail aCCF),CO₂,CO₂,Total (Contrail aCCF) Conservative,Total (Contrail aCCF) Optimistic
CFM1990,0.0,0.0,0.0,0.0,0.0,0.0,0.0
CFM2008,0.0,0.0007275684451072768,0.0007061194870899223,0.0,0.0,0.0006735308769541014,0.0006735308769541014
GTF,-15.939002311896445,-13.612404249035906,-13.7593018202621,-16.19525081594926,-16.19525081594926,-13.910491748977325,-13.910491748977325
GTF2035,-22.46995737802703,-6.508629354152721,-7.103511516931977,-22.737241519583996,-22.737241519583996,-7.842960993392965,-7.842960993392965
GTF2035 - 20,-21.17063052914524,-6.976036462949025,-7.512632031593617,-24.627898350569886,-37.573810529876006,-8.318578291365483,-8.898699269820849
GTF2035 - 100,-16.22214694681633,-8.799462241644289,-9.112610454389376,-32.154478736358136,-95.47696524909054,-10.184525056629685,-13.022067294301868
GTF2035WI,-28.847733419218425,-93.47141573325635,-91.35860651344973,-29.10401114184608,-29.10401114184608,-88.58345224209108,-88.58345224209108
GTF2035WI - 20,-27.6549908760201,-93.50416515294478,-91.35116454339682,-30.838569595812388,-42.71773688203566,-88.65428619948624,-89.18663392334145
GTF2035WI - 100,-23.111231157668858,-93.63186456567165,-91.32564689051671,-37.74295216461678,-95.84953014430778,-88.9401211710322,-91.54407547967782
