engine_display,NOx,Contrail,Non-CO2,CO2 Conservative,CO2 Optimistic,Total Climate Impact Conservative,Total Climate Impact Optimistic
CFM1990,0.0,0.0,0.0,0.0,0.0,0.0,0.0
CFM2000,0.5741179133675927,-72.32083215197875,-34.50843755709061,0.0,0.0,-34.23673339592304,-34.23673339592304
GTF,-19.093030118264902,-57.03684193052605,-46.0850444148319,-15.78928592045602,-15.78928592045602,-45.78829875568717,-45.78829875568717
GTF2035,-8.55491562050799,-60.88343043997047,-41.708850975259125,-21.96641751536835,-21.96641751536835,-41.91018670727313,-41.91018670727313
GTF2035 - 20,-8.964085515507591,-62.27095478352263,-42.485565833317374,-23.877100037019865,-36.92555585741856,-42.72961307613881,-43.20265578052916
GTF2035 - 100,-10.732401665386682,-65.62054726221547,-45.00965770199417,-31.441493574716183,-95.42872936238778,-45.432649478333204,-47.7549960681128
GTF2035WI,-93.57635134171754,-63.67023473065767,-89.20661363230687,-28.78872234133431,-28.78872234133431,-86.13410831356688,-86.13410831356688
GTF2035WI - 20,-93.29903728148177,-64.80407682215593,-89.04603154005945,-30.420613513819838,-42.34730848330163,-86.15127415667631,-86.73102564023307
GTF2035WI - 100,-93.72916145379641,-68.47857279071215,-90.55273619393465,-37.44705247892261,-95.82914349498166,-87.94463840615332,-90.80642397293519
