engine_display,NOx,Non-CO₂ (Contrail aCCF),CO₂,CO₂,Total (Contrail aCCF) Conservative,Total (Contrail aCCF) Optimistic
CFM1990,0.0,0.0,0.0,0.0,0.0,0.0
CFM2008,0.0002151307624172069,0.00020952501893231075,0.0,0.0,0.00020183769404691243,0.00020183769404691243
GTF,-18.399534086533194,-18.416981322486265,-16.157764584532455,-16.157764584532455,-18.38694339666396,-18.38694339666396
GTF2035,-9.81812678038692,-10.100699175649135,-21.964615427533648,-21.964615427533648,-10.518673173572092,-10.518673173572092
GTF2035 - 20,-10.265994405457976,-10.515077878154225,-23.87320952477196,-36.94853617643447,-10.981115688900495,-11.401560863281418
GTF2035 - 100,-12.01387372756917,-12.134606303648726,-31.472203927920628,-95.43135791079968,-12.792942411267608,-14.851270447027753
GTF2035WI,-93.70016574750068,-92.45198512505274,-28.51496347852484,-28.51496347852484,-90.40784159528562,-90.40784159528562
GTF2035WI - 20,-93.73157316767345,-92.45989883258974,-30.263243878603223,-42.24109859503354,-90.47200467372988,-90.8567883598605
GTF2035WI - 100,-93.85410287848079,-92.4929167814519,-37.22255575963811,-95.81476356074859,-90.72877220771475,-92.61347600082492
