engine_display,NOx,Contrail (aCCF),Non-CO₂ (Contrail aCCF),CO₂,CO₂,Total (Contrail aCCF) Conservative,Total (Contrail aCCF) Optimistic
CFM1990,0.0,0.0,0.0,0.0,0.0,0.0,0.0
CFM2008,0.009165591141689768,-64.45613481964959,-22.54379511570769,0.0,0.0,-22.65963493542801,-22.65963493542801
GTF,-11.903817727770996,-56.78607621568382,-28.410634494517105,-15.848485002674655,-15.848485002674655,-28.780281327068714,-28.780281327068714
GTF2035,-4.4043578637785625,-55.54951260678989,-23.666653951690055,-22.268732234081625,-22.268732234081625,-24.376134412991927,-24.376134412991927
GTF2035 - 20,-4.881389455550488,-57.21432335728821,-24.420666849575408,-24.170619226181213,-37.1940258031081,-25.16493900097712,-25.53512288734557
GTF2035 - 100,-6.7427539892698505,-53.6701502913335,-25.365097052653677,-31.741924464088434,-95.44885562748394,-26.296517116954497,-28.115255939125355
GTF2035WI,-93.32817709194387,-57.240625919485986,-78.58267150285245,-28.821952906612708,-28.821952906612708,-78.34760178147322,-78.34760178147322
GTF2035WI - 20,-93.36157720739912,-54.057212777590244,-78.55139293786554,-30.56292953178863,-42.488627481044375,-78.37316181850235,-78.61364771364669
GTF2035WI - 100,-93.4918936665857,-52.69383632598482,-78.01616152105333,-37.49388803032579,-95.83247049534982,-78.09356084826308,-79.04920362778388
