engine_display,NOx,Non-CO₂ (Contrail aCCF),CO₂,CO₂,Total (Contrail aCCF) Conservative,Total (Contrail aCCF) Optimistic
CFM1990,0.0,0.0,0.0,0.0,0.0,0.0
CFM2008,0.00632506368801983,0.006204298763930642,0.0,0.0,0.005934856911036252,0.005934856911036252
GTF,-14.278264971776983,-14.39101236711523,-16.21744740457384,-16.21744740457384,-14.518731512191138,-14.518731512191138
GTF2035,-6.964694000000595,-7.504495524401555,-22.705500312944366,-22.705500312944366,-8.210258690360742,-8.210258690360742
GTF2035 - 20,-7.4293004705105385,-7.913908439532904,-24.596875218592604,-37.54777129701975,-8.684309873844864,-9.249088742211667
GTF2035 - 100,-9.241902797726993,-9.514986553945077,-32.12620908964244,-95.47488122873469,-10.543917755168554,-13.308474189320771
GTF2035WI,-93.51217887776512,-91.49225622922225,-29.092076141992695,-29.092076141992695,-88.78380394486108,-88.78380394486108
GTF2035WI - 20,-93.54469001381257,-91.4866352502347,-30.82665856841565,-42.70761839554567,-88.85437783689984,-89.37218951777803
GTF2035WI - 100,-93.67150646417524,-91.46818349701856,-37.73173206727644,-95.84864019819781,-89.1389605950724,-91.67480686423663
