engine_display,NOx,Contrail,Non-CO2,CO2 Conservative,CO2 Optimistic,Total Climate Impact Conservative,Total Climate Impact Optimistic
CFM1990,0.0,0.0,0.0,0.0,0.0,0.0,0.0
CFM2008,0.269892771080558,-64.58330119611766,-25.39089024571669,0.0,0.0,-25.169701126364913,-25.169701126364913
GTF,-20.590766711595148,-37.58361907228889,-38.42935924737488,-15.920894544083064,-15.920894544083064,-38.220062711942774,-38.220062711942774
GTF2035,-13.713530940670166,-38.61100099644455,-34.40547749885749,-22.40205082795778,-22.40205082795778,-34.4160463773165,-34.4160463773165
GTF2035 - 20,-14.159242799312935,-41.72878079169383,-35.378674651949346,-24.30576263909075,-37.3060841705653,-35.40920746651066,-35.64965164582216
GTF2035 - 100,-15.83050362509103,-50.29668186935017,-38.46744819175044,-31.858983303245736,-95.45673402301931,-38.58656095699601,-39.75620501718569
GTF2035WI,-93.85686560824938,-44.51539263416037,-85.85204782577141,-29.233127758995526,-29.233127758995526,-84.59894843678927,-84.59894843678927
GTF2035WI - 20,-93.90448596972995,-47.088333356088974,-86.5659988911272,-30.980188138631505,-42.83412315469643,-85.34589959293282,-85.6026923774679
GTF2035WI - 100,-94.02263470527781,-47.82753797568825,-88.24637605879754,-37.86606807317391,-95.85722926698953,-87.15550506182296,-88.40838259719274
