engine_display,H₂O,NOx,Non-CO₂ (Contrail aCCF),CO₂,CO₂,Total (Contrail aCCF) Conservative,Total (Contrail aCCF) Optimistic
CFM1990,0.0,0.0,0.0,0.0,0.0,0.0,0.0
CFM2008,0.0,0.0010246450132517253,0.0009843676065498688,0.0,0.0,0.0009354672742230634,0.0009354672742230634
GTF,-16.054482448539993,-10.06730996573503,-10.43113424107438,-16.344770410640923,-16.344770410640923,-10.779344068157874,-10.779344068157874
GTF2035,-22.602448444330253,-2.9059466616958534,-3.9930263829147528,-23.05436963720683,-23.05436963720683,-5.071707710236206,-5.071707710236206
GTF2035 - 20,-21.305534685784227,-3.391625812944539,-4.384854423804592,-24.937193897042675,-37.82998147328661,-5.547280340801448,-6.270747847369081
GTF2035 - 100,-16.3649300011141,-5.286042890193858,-5.91942530132168,-32.4322055149282,-95.49548036766188,-7.416610142966254,-10.955314533600124
GTF2035WI,-29.12258729955236,-93.19834928906015,-89.85283651583033,-29.512825407714704,-29.512825407714704,-86.45683362420418,-86.45683362420418
GTF2035WI - 20,-27.934291654755828,-93.23250393043642,-89.82329354325323,-31.237061328889393,-43.047783675039355,-86.52531479251576,-87.18804841123661
GTF2035WI - 100,-23.407736311281855,-93.36557187184165,-89.71361250983472,-38.10077818290034,-95.87338521219336,-86.80533512825316,-90.0695563365429
