engine_display,H₂O,NOx,Contrail (CoCiP),Non-CO₂ (Contrail CoCiP),CO₂,CO₂,Total (Contrail CoCiP) Conservative,Total (Contrail CoCiP) Optimistic
CFM1990,0.0,0.0,0.0,0.0,0.0,0.0,0.0,0.0
CFM2008,0.0,0.0006171596352039776,-39.59195423004972,-7.461236037476788,0.0,0.0,-7.163421302213052,-7.163421302213052
GTF,-16.04894537835002,-13.082200253861224,-49.587281235501536,-19.142295248561943,-16.05106381376525,-16.05106381376525,-18.843681364979815,-18.843681364979815
GTF2035,-22.370536988547578,-5.6453789975023465,-50.36085104143897,-12.897690360722002,-22.348605658226724,-22.348605658226724,-13.24205309464601,-13.24205309464601
GTF2035 - 20,-21.06953880721668,-6.115263502131462,-55.081788907306475,-13.531671591055467,-24.248851812841217,-37.25986902546764,-13.943537451610794,-14.625471751629677
GTF2035 - 100,-16.11424744262659,-7.949095220939578,-68.08243390230614,-16.326871809700652,-31.813503395976078,-95.45423355973173,-16.84852570694357,-19.123422953257506
GTF2035WI,-28.848273388351313,-93.36705943358415,-63.11498205164114,-86.65372766094738,-28.850214416864016,-28.850214416864016,-85.09840537620896,-85.09840537620896
GTF2035WI - 20,-27.65529746184514,-93.40016025645983,-68.0507852958328,-87.25260612916024,-30.590751209100585,-42.51248378142547,-85.50311855278706,-86.05090161329531
GTF2035WI - 100,-23.111469340359523,-93.52989705585527,-78.40617525756367,-88.36879774917145,-37.519951059056176,-95.83466340393709,-85.95654577798373,-88.73277629876443
