engine_display,NOx,Contrail (CoCiP),Non-CO₂ (Contrail CoCiP),CO2 Conservative,CO2 Optimistic,Total (Contrail CoCiP) Conservative,Total (Contrail CoCiP) Optimistic
CFM1990,0.0,0.0,0.0,0.0,0.0,0.0,0.0
CFM2008,0.0026299708511551916,-55.2131714768443,-22.19101932158108,0.0,0.0,-21.929574618328186,-21.929574618328186
GTF,-12.346672614510927,-30.56836183316586,-30.80276487548786,-15.610337665704902,-15.610337665704902,-30.732592170334378,-30.732592170334378
GTF2035,-4.63691061838562,-32.54930562568708,-25.89815419950637,-21.925699968212648,-21.925699968212648,-26.199296357646308,-26.199296357646308
GTF2035 - 20,-5.112422537490823,-34.86632405655403,-26.71301741628528,-23.83595742005282,-36.91710193950995,-27.053851285157894,-27.431597381983945
GTF2035 - 100,-6.967770704645866,-43.35459737017734,-29.996639100276635,-31.440490495518365,-95.42890514838332,-30.470570724147628,-32.30771733876608
GTF2035WI,-93.35127077069765,-39.51351075614377,-84.00663538754455,-28.529244377348977,-28.529244377348977,-82.06911890330406,-82.06911890330406
GTF2035WI - 20,-93.38452447253938,-42.83571144773511,-84.76168021168743,-30.277263350829813,-42.252226471431605,-82.87325558795948,-83.2816333301387
GTF2035WI - 100,-93.51429703961283,-41.03595167815469,-86.40175420273734,-37.23667266371305,-95.8154319755177,-84.74433010861091,-86.7281380613259
