engine_display,NOx,Contrail (CoCiP),Non-CO₂ (Contrail CoCiP),CO2 Conservative,CO2 Optimistic,Total (Contrail CoCiP) Conservative,Total (Contrail CoCiP) Optimistic
CFM1990,0.0,0.0,0.0,0.0,0.0,0.0,0.0
CFM2008,0.0025469202992956094,-41.94140484983207,-11.136290423398716,0.0,0.0,-11.107852654950754,-11.107852654950754
GTF,-13.323496066831297,-17.297573448561767,-21.312593761959437,-15.953800305819216,-15.953800305819216,-21.467086662069107,-21.467086662069107
GTF2035,-5.7852883963371,-20.073152054636022,-14.598747598231085,-22.30249651962456,-22.30249651962456,-15.237559275221507,-15.237559275221507
GTF2035 - 20,-6.2551910352983064,-21.507327644919407,-14.559079036485537,-24.203617009387322,-37.221974795104,-15.264620388741399,-15.718552578309069
GTF2035 - 100,-8.08846203717338,-13.991457965852018,-16.97590695879683,-31.771598778112608,-95.45119179549786,-17.861663163455958,-20.079606304471458
GTF2035WI,-93.37793501146407,-5.334604679521786,-86.21359596800382,-28.783908194072243,-28.783908194072243,-84.80236165065317,-84.80236165065317
GTF2035WI - 20,-93.41105654116508,-9.17299564819275,-86.90150321085163,-30.525614048639916,-42.45821561461865,-85.2866732169281,-85.75903869552823
GTF2035WI - 100,-93.540293699964,-4.925193433925672,-88.64517660906776,-37.460212101071875,-95.83050220349692,-86.61668370875385,-88.90697341851008
