engine_display,NOx,Contrail,Non-CO2,CO2 Conservative,CO2 Optimistic,Total Climate Impact Conservative,Total Climate Impact Optimistic
CFM1990,0.0,0.0,0.0,0.0,0.0,0.0,0.0
CFM2000,0.6353057944310748,-66.6989949796534,11.557363003903331,0.0,0.0,10.297905290283882,10.297905290283882
GTF,-20.873183966741454,-53.545324392397276,-9.992125823329793,-12.028006746354825,-12.028006746354825,-10.220947277290682,-10.220947277290682
GTF2035,-11.27283269650423,-55.648533594461256,-0.7893463074460644,-19.083304105347636,-19.083304105347636,-2.424953034477157,-2.424953034477157
GTF2035 - 20,-11.655172801105058,-58.53561733755047,-0.5717188021296772,-21.1245861223463,-34.64413626290075,-2.3829583012289732,-3.578380531584815
GTF2035 - 100,-13.314901023931993,-59.888969638313164,-1.1154960478460203,-28.95036275052925,-95.26221787009912,-3.534306307678723,-9.411918661799017
GTF2035WI,-93.55747826819479,-55.09992178646882,-85.82696380727786,-27.811213650037082,-27.811213650037082,-81.53846482537236,-81.53846482537236
GTF2035WI - 20,-93.5898961342821,-58.15759497527551,-86.27786186253157,-29.57772944401888,-41.648404454435095,-81.79974268086629,-83.04255845241698
GTF2035WI - 100,-93.7163486364909,-64.51564317853139,-86.969525587416,-36.26013906469564,-95.74956961153171,-81.54650889946322,-88.19739822645374
