engine_display,NOx,Contrail (aCCF),Non-CO₂ (Contrail aCCF),CO₂,CO₂,Total (Contrail aCCF) Conservative,Total (Contrail aCCF) Optimistic
CFM1990,0.0,0.0,0.0,0.0,0.0,0.0,0.0
CFM2008,0.003802720730297383,0.0,0.002038901088314493,0.0,0.0,0.001958627688946804,0.001958627688946804
GTF,-12.050026826389901,19.30595671394996,-2.642987602572168,-15.74868439642308,-15.74868439642308,-2.9416314993893975,-2.9416314993893975
GTF2035,-4.521074447303494,22.732231812196822,3.6985559890988986,-22.15479776379161,-22.15479776379161,3.077260331639244,3.077260331639244
GTF2035 - 20,-4.9975213335325135,23.893271882719205,4.509704761810875,-24.059507498173236,-37.1021572956827,3.832732263184096,3.523875518283185
GTF2035 - 100,-6.856634072361809,37.46584276233092,7.862916890257535,-31.642046820427876,-95.44228666962377,6.976363614056456,5.456155918105955
GTF2035WI,-93.33715321692925,25.855073895746493,-41.40215588516666,-28.72166657200787,-28.72166657200787,-40.48750594675589,-40.48750594675589
GTF2035WI - 20,-93.3705049967361,36.601417055374235,-39.87264814887939,-30.465096673480936,-42.40773202039379,-39.038349196508555,-39.38177752272091
GTF2035WI - 100,-93.50064914655314,40.41796398114305,-36.523823592583916,-37.40595668831125,-95.82668175667798,-35.94154813261321,-37.638819929232255
