engine_display,H₂O,NOx,Contrail (aCCF),Non-CO₂ (Contrail aCCF),CO₂,CO₂,Total (Contrail aCCF) Conservative,Total (Contrail aCCF) Optimistic
CFM1990,0.0,0.0,0.0,0.0,0.0,0.0,0.0,0.0
CFM2008,0.0,0.009171497047498313,-64.03265909744759,-5.396559868680972,0.0,0.0,-11.810644467721577,-11.810644467721577
GTF,-15.826984811991338,-11.768391997379448,-59.524225112715754,-14.569107416608643,-15.837906494364443,-15.837906494364443,-20.654452941903042,-20.654452941903042
GTF2035,-22.24915725701467,-4.300210938570906,-57.642751713528725,-8.177469566275887,-22.25625267474419,-22.25625267474419,-15.375169553727112,-15.375169553727112
GTF2035 - 20,-20.946072072812765,-4.778051156921157,-58.25593890902392,-8.571955859070211,-24.15861039415242,-37.185127472852805,-15.799798039403552,-16.34545252847293
GTF2035 - 100,-15.98308049585463,-6.642562261367548,-50.420199818876355,-9.118066801818427,-31.731740174807697,-95.44878267832051,-16.494177039171845,-19.16314499785984
GTF2035WI,-28.80132870694044,-93.3271191628147,-55.794097442449484,-76.25989001573042,-28.81257813984726,-28.81257813984726,-77.62570887879721,-77.62570887879721
GTF2035WI - 20,-27.60748698590072,-93.36052975944317,-53.21934241945699,-75.89302164378957,-30.553915045668727,-42.481974597424674,-77.37162924866522,-77.53281623774019
GTF2035WI - 100,-23.060014299991977,-93.49088661902071,-46.90948538923238,-74.9607491144224,-37.486263567338064,-95.83241757115586,-76.62798370653837,-77.19513649184326
