engine_display,H₂O,NOx,Non-CO₂ (Contrail aCCF),CO₂,CO₂,Total (Contrail aCCF) Conservative,Total (Contrail aCCF) Optimistic
CFM1990,0.0,0.0,0.0,0.0,0.0,0.0,0.0
CFM2008,0.0,0.006325680059618801,0.006204897037030078,0.0,0.0,0.0059354055809146735,0.0059354055809146735
GTF,-16.058192311448256,-14.160477168898042,-14.283114572430334,-16.215595595909413,-16.215595595909413,-14.420962031715149,-14.420962031715149
GTF2035,-22.521670440811313,-6.882829874577388,-7.439222278282365,-22.701407806660193,-22.701407806660193,-8.15740091991231,-8.15740091991231
GTF2035 - 20,-21.22324007149113,-7.348092355280998,-7.848290149628953,-24.592933833872696,-37.544851518566716,-8.631681882600219,-9.200897789622603
GTF2035 - 100,-16.277847617746325,-9.163209334492246,-9.447988251427747,-32.122859254068636,-95.47485728360458,-10.492223710391677,-13.276432277191427
GTF2035WI,-28.922750370317722,-93.51137283186657,-91.47097228636618,-29.089160312789925,-29.089160312789925,-88.74483387458928,-88.74483387458928
GTF2035WI - 20,-27.73106256342434,-93.54389208080717,-91.46470535367682,-30.82385408398552,-42.70554890652016,-88.81528796141559,-89.3374770099022
GTF2035WI - 100,-23.191552854159838,-93.67073954148118,-91.44370203234101,-37.729355838404615,-95.8486237225603,-89.09948720368072,-91.6537649033888
