engine_display,H₂O,NOx,Contrail (CoCiP),Non-CO₂ (Contrail CoCiP),CO₂,CO₂,Total (Contrail CoCiP) Conservative,Total (Contrail CoCiP) Optimistic
CFM1990,0.0,0.0,0.0,0.0,0.0,0.0,0.0,0.0
CFM2008,0.0,0.002824987300728636,-12.791955225116624,276.4716400659526,0.0,0.0,81.51546826621752,81.51546826621752
GTF,-15.451543198115758,-11.248530324314185,108.35361346398258,257.01338987619687,-15.513564978235769,-15.513564978235769,61.34015525930793,61.34015525930793
GTF2035,-21.84370715196074,-3.616966387107934,114.17791605484679,292.9365759748497,-21.90382761627353,-21.90382761627353,73.71325083605439,73.71325083605439
GTF2035 - 20,-20.533749436790714,-4.097969727308012,102.62557551029784,304.6305645668446,-23.81473502206884,-36.9003161346783,75.81507732611921,74.4988733731653
GTF2035 - 100,-15.54448268789046,-5.974722814761118,74.23861221224847,324.0649733014959,-31.42188126722739,-95.42812541781517,77.34650393074838,70.90852994856546
GTF2035WI,-28.452146772705035,-93.28382643247843,98.52868080025576,-69.86300892444068,-28.5100043516048,-28.5100043516048,-86.56542700982331,-86.56542700982331
GTF2035WI - 20,-27.252711870887453,-93.31745787814563,89.19068316502526,-79.74963743020062,-30.25889167157489,-42.23762443806518,-85.3469534419152,-85.98834934573316
GTF2035WI - 100,-22.68258822778411,-93.44859141541099,41.929521540119865,-77.00944533451694,-37.22036312376322,-95.81469087491755,-83.71761027705648,-88.25308040167488
