engine_display,NOx,Contrail (aCCF),Non-CO₂ (Contrail aCCF),CO₂,CO₂,Total (Contrail aCCF) Conservative,Total (Contrail aCCF) Optimistic
CFM1990,0.0,0.0,0.0,0.0,0.0,0.0,0.0
CFM2008,0.000619319992895882,0.0,0.0003759401767227119,0.0,0.0,0.00036075452475938365,0.00036075452475938365
GTF,-11.515469763852565,-8.391813348566954,-8.984246076922748,-15.025415027091729,-15.025415027091729,-9.139291697343914,-9.139291697343914
GTF2035,-4.078400306055875,-12.68852870840381,-4.331890618762727,-21.447043752671963,-21.447043752671963,-4.893892935598467,-4.893892935598467
GTF2035 - 20,-4.557776458976581,-13.653648771817867,-6.1151112462021855,-23.36927130953373,-36.53082364524008,-6.693013959827971,-7.155023157906215
GTF2035 - 100,-6.4283351448465185,-21.837471117815312,-12.663548451440686,-31.021469429652555,-95.401117401814,-13.321558084183135,-15.551782590808896
GTF2035WI,-93.34074879364061,-12.932314312204513,-70.32655286055169,-28.1501723342403,-28.1501723342403,-68.38326461559834,-68.38326461559834
GTF2035WI - 20,-93.37415459734468,-16.01781956896578,-71.99102143848309,-29.908010401377283,-41.94662557633168,-69.96857290092993,-70.45676086280587
GTF2035WI - 100,-93.50438327953167,-30.899600212234912,-76.15606636760288,-36.90498762330224,-95.79344980123486,-74.49536066012283,-76.64169195618264
