engine_display,NOx,Contrail (aCCF),Non-CO₂ (Contrail aCCF),CO₂,CO₂,Total (Contrail aCCF) Conservative,Total (Contrail aCCF) Optimistic
CFM1990,0.0,0.0,0.0,0.0,0.0,0.0,0.0
CFM2008,0.010431631361155215,-66.28517204565759,-29.236764532409236,0.0,0.0,-28.617307139019655,-28.617307139019655
GTF,-11.254136494992943,-58.60022346341337,-34.317197441016575,-16.127527690849803,-16.127527690849803,-33.98759447839906,-33.98759447839906
GTF2035,-3.902880792786511,-56.822739098254814,-29.89883351316006,-22.59434809609081,-22.59434809609081,-29.875280654259544,-29.875280654259544
GTF2035 - 20,-4.38277216658899,-59.58711823292474,-30.386531260207327,-24.488376318107438,-37.45756951624989,-30.4055574162704,-30.745813301017655
GTF2035 - 100,-6.2553856463632,-57.440202584688606,-30.739376267737878,-32.02844398099268,-95.46816847417641,-30.949833867891783,-32.60184802247664
GTF2035WI,-93.29106439533271,-60.02077551343754,-79.99904012786399,-29.126082077568494,-29.126082077568494,-78.41236244678275,-78.41236244678275
GTF2035WI - 20,-93.32466310194546,-58.75834961804859,-79.91444795963504,-30.859685981473366,-42.7347041438732,-78.3923399575506,-78.74026992447563
GTF2035WI - 100,-93.45578677282361,-56.07484385089677,-79.38251176058908,-37.7613632924494,-95.85046554127263,-78.08707360976838,-79.78653804775388
