engine_display,NOx,Non-CO₂ (Contrail aCCF),CO2 Conservative,CO2 Optimistic,Total (Contrail aCCF) Conservative,Total (Contrail aCCF) Optimistic
CFM1990,0.0,0.0,0.0,0.0,0.0,0.0
CFM2008,0.2794740986396732,0.27693626280261574,0.0,0.0,0.27083114434947597,0.27083114434947597
GTF,-23.068499245566137,-22.94708009503876,-15.879696218775749,-15.879696218775749,-22.773088920690505,-22.773088920690505
GTF2035,-18.56450333875199,-18.621385398743172,-23.525421951287754,-23.525421951287754,-18.75005352876001,-18.75005352876001
GTF2035 - 20,-18.972855153332937,-19.00536534887284,-25.396924601373815,-38.208750104752646,-19.171287028418188,-19.492331017881316
GTF2035 - 100,-20.565933734766368,-20.50510328012186,-32.847220766784076,-95.52201664299143,-20.82005961964058,-22.39070828139371
GTF2035WI,-94.12313973121992,-93.19076768796933,-29.68634814937906,-29.68634814937906,-91.59273056649353,-91.59273056649353
GTF2035WI - 20,-94.09919038110831,-93.14757242503707,-31.131752787720814,-42.95972704762115,-91.58775707470804,-91.8851216150687
GTF2035WI - 100,-94.21549941346142,-93.1973334773925,-38.00770647262396,-95.86671770476471,-91.80914662057049,-93.26414753627107
