engine_display,H₂O,NOx,Contrail (CoCiP),Non-CO₂ (Contrail CoCiP),CO₂,CO₂,Total (Contrail CoCiP) Conservative,Total (Contrail CoCiP) Optimistic
CFM1990,0.0,0.0,0.0,0.0,0.0,0.0,0.0,0.0
CFM2008,0.0,0.0013339366838091972,-64.30619757504485,0.00027733829972261106,0.0,0.0,0.00025945436230418866,0.00025945436230418866
GTF,-16.202867522050205,-13.670437690516845,-64.30309434192299,-12.043590040961554,-16.214285035055067,-16.214285035055067,-12.285000971124441,-12.285000971124441
GTF2035,-22.56812720217953,-6.604481725678696,-65.56151339143102,-6.333097703674451,-22.57776719357702,-22.57776719357702,-7.173570565344353,-7.173570565344353
GTF2035 - 20,-21.27085273673379,-7.072290024013318,-66.94436757115785,-6.67969067470026,-24.472706027107737,-37.44527403989171,-7.593657394323655,-8.21154080623572
GTF2035 - 100,-16.329705061624317,-8.894858798734322,-70.97994924689974,-8.540072925691412,-32.01566153178032,-95.46771076878535,-9.723355584693156,-12.745594977549729
GTF2035WI,-28.97633542384879,-93.30989447225214,-69.66412595937761,-88.21318973104954,-28.984751219817916,-28.984751219817916,-85.395770268851,-85.395770268851
GTF2035WI - 20,-27.785793621157485,-93.34339302046551,-71.94724817860428,-88.23893208004033,-30.722278921575054,-42.62142029400532,-85.50311855278706,-86.07067753570038
GTF2035WI - 100,-23.25010794752448,-93.4742386406809,-78.51458066012731,-88.36879774917145,-37.63830040280856,-95.84255336018724,-86.61581937257242,-88.73277629876443
