engine_display,NOx,Contrail,Non-CO2,CO2 Conservative,CO2 Optimistic,Total Climate Impact Conservative,Total Climate Impact Optimistic
CFM1990,0.0,0.0,0.0,0.0,0.0,0.0,0.0
CFM2000,0.4521398072946517,-64.36759530025255,-7.947404777206646,0.0,0.0,-8.09935495561028,-8.09935495561028
GTF,-21.262316376785638,-44.68435689202967,-25.657964006256883,-11.819340481346345,-11.819340481346345,-25.226827549702293,-25.226827549702293
GTF2035,-11.471889025238067,-46.93879124136254,-18.67695170834288,-18.913085260652217,-18.913085260652217,-19.27843001835386,-19.27843001835386
GTF2035 - 20,-11.852395083354764,-50.451418891416196,-19.363689162722714,-20.946140332103948,-34.49616946843487,-20.061753115392282,-20.990915210162107
GTF2035 - 100,-13.517385171082982,-55.574642810591776,-21.67683195020659,-28.807330302846573,-95.25261383007587,-22.755740028007576,-27.310412670088763
GTF2035WI,-93.57333687672144,-50.548409710684226,-85.66548636570333,-27.647505529668503,-27.647505529668503,-81.73742392831687,-81.73742392831687
GTF2035WI - 20,-93.60492373261151,-53.268633642485455,-86.26061780520514,-29.441864808176437,-41.535784251082205,-82.28054364341357,-83.27074940367758
GTF2035WI - 100,-93.72691797883552,-57.71689828063873,-87.73998370035395,-36.22614890580438,-95.74736788673928,-83.46861365465097,-88.59422758242073
