engine_display,NOx,Contrail,Non-CO2,CO2 Conservative,CO2 Optimistic,Total Climate Impact Conservative,Total Climate Impact Optimistic
CFM1990,0.0,0.0,0.0,0.0,0.0,0.0,0.0
CFM2000,0.1248416762798499,-67.15415343091951,6.759133289474244,0.0,0.0,8.116482643680312,8.116482643680312
GTF,-21.20556767185274,-54.78568011249917,-13.372023215606477,-11.28630471461381,-11.28630471461381,-11.223970816082938,-11.223970816082938
GTF2035,-12.722013098052104,-56.07024818568645,-6.547257167346318,-18.49282371340709,-18.49282371340709,-5.88712645396097,-5.88712645396097
GTF2035 - 20,-13.102775718299261,-60.51763416574404,-7.492480435810737,-20.58467280250406,-34.196932912957664,-7.019415830951976,-8.324086860844366
GTF2035 - 100,-14.73732639215318,-68.78953001723663,-10.227002045485298,-28.45538530150896,-95.22930731968084,-10.357811486004477,-16.723634027898324
GTF2035WI,-93.68928518100674,-63.60974449067985,-87.91033889475682,-27.17436497603601,-27.17436497603601,-81.39805225221355,-81.39805225221355
GTF2035WI - 20,-93.71788559254752,-65.92731465710561,-88.50043791232213,-29.014138481483283,-41.18175168953908,-81.46198400281686,-83.01974641622367
GTF2035WI - 100,-93.84241728778379,-74.09091927595153,-90.04650293925542,-35.79968258355042,-95.71923148241834,-81.63541101861202,-89.17466327340591
