engine_display,NOx,Contrail,Non-CO2,CO2 Conservative,CO2 Optimistic,Total Climate Impact Conservative,Total Climate Impact Optimistic
CFM1990,0.0,0.0,0.0,0.0,0.0,0.0,0.0
CFM2000,0.6865603470992508,-64.43090664435476,5.448257321347998,0.0,0.0,2.752243467630318,2.752243467630318
GTF,-22.661024801012925,-41.70020958215136,-15.332648655128583,-11.511059919955821,-11.511059919955821,-17.112645510913783,-17.112645510913783
GTF2035,-12.464201848903398,-43.00807347981859,-6.192729143143317,-18.778137643064127,-18.778137643064127,-9.180798879559717,-9.180798879559717
GTF2035 - 20,-12.82519624559582,-46.14884854907259,-6.1461100121306655,-20.839386567436478,-34.40740367898556,-9.234726667865043,-10.369066040860709
GTF2035 - 100,-14.458332355293424,-55.270979909752704,-7.32237757808887,-28.712609096440033,-95.24612475752632,-10.87083959072496,-16.43919143962268
GTF2035WI,-93.7018659316832,-49.09788219256072,-76.65917163188905,-27.571380852152917,-27.571380852152917,-75.52143940159294,-75.52143940159294
GTF2035WI - 20,-93.73286340288931,-52.58199255889626,-77.67994957881615,-29.374404739243026,-41.47961337025897,-76.7758923723257,-77.63967202945601
GTF2035WI - 100,-93.8588836638766,-59.08571034697214,-79.58705711960043,-36.123132455066866,-95.74040918611945,-78.38092839503187,-83.88879574273884
