engine_display,NOx,Contrail (aCCF),Non-CO₂ (Contrail aCCF),CO₂,CO₂,Total (Contrail aCCF) Conservative,Total (Contrail aCCF) Optimistic
CFM1990,0.0,0.0,0.0,0.0,0.0,0.0,0.0
CFM2008,0.003802720730297383,0.0,0.002038901088314493,0.0,0.0,0.001958627688946804,0.001958627688946804
GTF,-12.050026826389901,13.687183251999931,-5.286493987516203,-15.74868439642308,-15.74868439642308,-5.5391061968078406,-5.5391061968078406
GTF2035,-4.521074447303494,14.610470242564544,-0.30102825046990167,-22.15479776379161,-22.15479776379161,-0.8499732317112197,-0.8499732317112197
GTF2035 - 20,-4.9975213335325135,9.604163487421642,-2.6232433135002626,-24.059507498173236,-37.1021572956827,-3.1698476325062312,-3.47307505783418
GTF2035 - 100,-6.856634072361809,-0.015539995085166248,-10.132718550442782,-31.642046820427876,-95.44228666962377,-10.68792597945747,-12.145108408946315
GTF2035WI,-93.33715321692925,5.756572718490295,-49.745954835239345,-28.72166657200787,-28.72166657200787,-48.75867851267846,-48.75867851267846
GTF2035WI - 20,-93.3705049967361,8.256236054555732,-51.40178895847697,-30.465096673480936,-42.40773202039379,-50.45603967402113,-50.783058538241555
GTF2035WI - 100,-93.50064914655314,-11.120166073372904,-58.087852098044415,-37.40595668831125,-95.82668175667798,-57.24933046191032,-58.813214042605566
