engine_display,H₂O,NOx,Contrail (aCCF),Non-CO₂ (Contrail aCCF),CO₂,CO₂,Total (Contrail aCCF) Conservative,Total (Contrail aCCF) Optimistic
CFM1990,0.0,0.0,0.0,0.0,0.0,0.0,0.0,0.0
CFM2008,0.0,0.0006193231344983802,-64.4028341032275,-21.937559541528547,0.0,0.0,-21.465144302201754,-21.465144302201754
GTF,-15.0968151163039,-11.478893597397105,-65.96111733136081,-29.82892135377682,-15.019195159191545,-15.019195159191545,-29.549737151332245,-29.549737151332245
GTF2035,-21.536287629061352,-4.046402496944215,-66.51827225814979,-25.07501240725414,-21.44056127954356,-21.44056127954356,-25.21057631744591,-25.21057631744591
GTF2035 - 20,-20.22141637680605,-4.526023971536385,-67.00494039409548,-25.52673986026901,-23.363036334919833,-36.526201214034,-25.71241861088691,-26.170486582163623
GTF2035 - 100,-15.213602555609423,-6.397529896294905,-66.33770844973614,-26.836229284312545,-31.01619165359294,-95.40107944357287,-27.231976598792563,-29.472524014898095
GTF2035WI,-28.230875128596928,-93.34059496689015,-66.85239251206212,-83.88637447318355,-28.145714402591327,-28.145714402591327,-81.82759843747517,-81.82759843747517
GTF2035WI - 20,-27.027747431443576,-93.37400230970042,-66.37145663633594,-83.96985006121541,-29.903723508197444,-41.94345995842944,-81.96822746813393,-82.38711988856544
GTF2035WI - 100,-22.444289957101823,-93.50423700284017,-65.33013901659157,-84.13746434957473,-36.90136857922358,-95.79342457194824,-82.37262894912175,-84.42163153844244
