engine_display,NOx,Contrail (aCCF),Non-CO₂ (Contrail aCCF),CO₂,CO₂,Total (Contrail aCCF) Conservative,Total (Contrail aCCF) Optimistic
CFM1990,0.0,0.0,0.0,0.0,0.0,0.0,0.0
CFM2008,0.01452874915911619,0.0,0.016233894174931224,0.0,0.0,0.014959730869602589,0.014959730869602589
GTF,-11.757380975562459,0.07249023089962421,-7.88741341747682,-15.948177552504195,-15.948177552504195,-8.907747436605957,-8.907747436605957
GTF2035,-4.28750181867668,-2.6500654574072056,-0.3600811613573976,-22.38252081623395,-22.38252081623395,-2.6922009833860554,-2.6922009833860554
GTF2035 - 20,-4.765119172664212,-7.958902654252582,-0.5195840174642323,-24.281590701947174,-37.285790747890246,-3.062976463453089,-3.6814297435894856
GTF2035 - 100,-6.628739536309286,-16.851983137083316,-4.201544380866384,-31.84168367402996,-95.4554237599914,-6.801927484007374,-9.468832539478228
GTF2035WI,-93.31919945607437,-9.075356516784936,-63.73562586361062,-28.92212187128046,-28.92212187128046,-64.44819454892514,-64.44819454892514
GTF2035WI - 20,-93.3526479229393,-11.274412502794046,-65.51839804518,-30.66064954314968,-42.569439933586125,-66.27708974687421,-66.48223224113909
GTF2035WI - 100,-93.48313674689621,-25.333635732437866,-71.0666210959357,-37.58172431668436,-95.8382585907162,-72.39465719980467,-72.99681310139917
